"","The level of risk reverse","The condition of the answer of financial problems","stock","financial asset","stock assset","financial market","province","gender","education level","marital status","educational investment","experience of finance","real estate","work","finance problem 1","finance problem 2"
"1",2,1,0,0.666666667,0,1,"上海市",1,6,0,0,1,1,0,0,1
"2",4,2,1,1,0.5,1,"上海市",0,3,4,1,1,0,0,1,1
"3",3,1,0,0.8,0,1,"上海市",0,6,0,1,1,1,1,0,1
"4",3,2,0,0,0,0,"上海市",1,3,1,1,1,0,0,1,1
"5",3,2,0,0,0,0,"上海市",0,2,1,1,1,0,0,1,1
"6",1,2,1,0.333333333,1,1,"上海市",1,6,1,1,1,1,0,1,1
"7",4,2,0,0,0,0,"上海市",1,4,1,1,1,1,1,1,1
"8",4,1,0,0.5,0,1,"上海市",1,2,1,1,1,1,1,0,1
"9",2,1,1,0.666666667,0.5,1,"上海市",0,6,1,0,1,1,0,0,1
"10",2,1,1,0.777777778,0.142857143,1,"上海市",0,7,1,0,0,1,0,0,1
"11",4,1,0,1,0,1,"上海市",1,1,1,1,1,0,0,0,1
"12",4,1,1,0.333333333,1,1,"上海市",1,1,1,0,1,1,1,0,1
"13",2,1,0,0,0,1,"上海市",1,5,1,1,1,1,0,0,1
"14",3,2,0,0.5,0,1,"上海市",1,3,4,0,1,1,0,1,1
"15",4,1,0,0,0,1,"上海市",0,5,1,0,1,0,0,0,1
"16",1,1,0,0.5,0,1,"上海市",0,5,1,1,1,1,0,0,1
"17",3,2,0,1,0,1,"上海市",1,5,1,1,1,0,0,1,1
"18",4,1,0,0,0,1,"上海市",1,2,1,1,1,0,1,0,1
"19",4,0,0,0,0,0,"上海市",0,3,0,0,1,0,0,0,0
"20",3,1,1,0.714285714,0.2,1,"上海市",1,6,1,1,1,1,0,0,1
"21",1,1,1,0.666666667,0.5,1,"上海市",1,5,0,0,1,1,0,0,1
"22",3,1,1,1,1,1,"上海市",1,6,1,1,0,0,0,0,1
"23",2,2,1,0.75,0.333333333,1,"上海市",0,6,1,1,0,1,0,1,1
"24",4,2,1,0.666666667,0.5,1,"上海市",0,5,1,1,1,1,0,1,1
"25",4,2,0,0,0,1,"上海市",0,2,1,0,1,1,0,1,1
"26",2,0,1,0.333333333,1,1,"上海市",1,2,1,0,1,1,1,0,0
"27",3,2,0,0,0,0,"上海市",0,5,0,0,1,1,0,1,1
"28",1,2,1,0.818181818,0.111111111,1,"上海市",1,6,0,1,0,1,1,1,1
"29",4,1,0,0,0,0,"上海市",0,2,1,0,1,1,0,0,1
"30",4,1,1,1,1,1,"上海市",1,6,1,0,1,0,0,0,1
"31",3,1,0,0.5,0,1,"上海市",0,6,0,0,1,1,0,0,1
"32",3,2,0,0.5,0,1,"上海市",0,6,0,0,1,1,0,1,1
"33",2,1,1,0.666666667,0.5,1,"上海市",1,6,1,0,1,1,0,0,1
"34",2,1,1,0.5,1,1,"上海市",1,3,1,1,1,1,1,0,1
"35",0,2,1,0.5,1,1,"上海市",0,2,1,0,1,1,1,1,1
"36",2,1,1,0.5,0.5,1,"上海市",0,3,0,1,1,1,1,1,0
"37",3,2,1,0.333333333,1,1,"上海市",0,6,0,1,0,1,1,1,1
"38",4,1,0,0,0,0,"上海市",1,2,1,0,1,0,0,0,1
"39",2,1,0,0.333333333,0,1,"上海市",1,6,1,0,1,1,0,0,1
"40",4,1,0,0,0,0,"上海市",0,3,1,0,1,0,0,0,1
"41",2,1,1,0.5,1,1,"上海市",0,6,1,1,1,1,0,0,1
"42",4,0,1,0.5,1,1,"上海市",1,2,1,1,1,1,0,0,0
"43",0,1,1,0.75,0.333333333,1,"上海市",1,4,1,0,1,1,1,0,1
"44",3,1,1,0.5,0.5,1,"上海市",1,2,1,1,1,1,0,0,1
"45",4,1,0,0,0,0,"上海市",1,1,1,1,1,1,1,0,1
"46",2,2,0,0.5,0,1,"上海市",0,5,1,1,1,1,0,1,1
"47",3,2,0,0.5,0,1,"上海市",0,2,1,1,1,1,0,1,1
"48",4,0,0,0.5,0,1,"上海市",0,6,4,0,1,0,0,0,0
"49",0,0,0,0,0,0,"上海市",0,5,1,0,1,0,0,0,0
"50",3,1,0,0.333333333,0,1,"上海市",1,6,1,1,0,1,0,0,1
"51",4,1,0,1,0,1,"上海市",1,2,1,1,1,0,0,0,1
"52",2,1,1,0.75,0.333333333,1,"上海市",1,3,2,0,0,1,0,0,1
"53",1,1,0,1,0,1,"上海市",0,3,0,0,1,0,0,0,1
"54",0,1,0,0.5,0,1,"上海市",0,3,0,0,1,0,0,0,1
"55",2,1,0,0,0,0,"上海市",1,5,0,0,0,0,0,0,1
"56",2,1,1,1,1,1,"上海市",1,6,1,1,1,0,0,0,1
"57",3,2,1,0.5,0.5,1,"上海市",1,4,1,1,1,1,0,1,1
"58",2,1,0,0,0,0,"上海市",1,3,1,1,1,1,0,0,1
"59",4,1,0,0.5,0,1,"上海市",1,3,1,1,1,1,0,0,1
"60",2,2,0,0.5,0,1,"上海市",1,7,0,1,1,1,0,1,1
"61",4,1,0,0.5,0,1,"上海市",1,4,1,1,1,1,0,0,1
"62",4,2,0,0,0,0,"上海市",0,3,1,0,1,0,1,1,1
"63",4,2,0,0,0,0,"上海市",1,3,1,1,1,1,0,1,1
"64",2,2,0,0.833333333,0,1,"上海市",1,5,0,0,1,1,0,1,1
"65",4,1,1,0.666666667,0.25,1,"上海市",1,5,0,1,0,1,1,0,1
"66",4,2,0,0.333333333,0,1,"上海市",1,4,1,1,1,1,0,1,1
"67",4,1,0,0,0,0,"上海市",1,5,0,0,1,0,0,0,1
"68",3,1,0,0,0,0,"上海市",1,2,1,1,1,1,0,0,1
"69",4,2,0,1,0,1,"上海市",1,5,0,0,1,0,0,1,1
"70",0,1,0,0,0,0,"上海市",0,2,0,0,0,0,0,0,1
"71",4,2,0,0,0,0,"上海市",0,3,1,0,1,0,1,1,1
"72",4,0,0,0,0,0,"上海市",1,6,1,1,1,0,0,0,0
"73",4,2,0,0,0,0,"上海市",0,5,1,0,1,0,1,1,1
"74",4,2,1,0.666666667,0.5,1,"上海市",1,6,1,0,0,1,0,1,1
"75",4,1,0,0,0,0,"上海市",1,1,1,1,1,0,1,0,1
"76",0,1,0,0,0,0,"上海市",1,0,1,1,1,0,1,0,1
"77",2,1,0,0,0,0,"上海市",1,6,1,0,1,1,0,0,1
"78",4,1,0,0.5,0,1,"上海市",1,4,1,0,1,1,1,1,0
"79",3,2,0,0,0,0,"上海市",1,7,0,1,0,0,1,1,1
"80",3,2,0,0,0,0,"上海市",0,6,1,1,1,1,0,1,1
"81",4,2,0,0,0,0,"上海市",1,3,1,1,1,1,0,1,1
"82",2,2,0,0.5,0,1,"上海市",1,6,0,0,1,1,1,1,1
"83",4,2,1,0.5,1,1,"上海市",0,4,5,1,1,1,1,1,1
"84",2,1,0,1,0,1,"上海市",1,5,1,1,1,0,0,0,1
"85",4,2,0,1,0,1,"上海市",0,6,1,1,1,0,0,1,1
"86",2,1,1,0.666666667,0.5,1,"上海市",1,7,4,1,1,1,0,0,1
"87",3,2,1,0.333333333,1,1,"上海市",0,5,1,1,1,1,0,1,1
"88",1,1,1,0.666666667,0.25,1,"上海市",0,4,1,0,0,1,0,0,1
"89",4,2,0,0,0,0,"上海市",1,4,5,0,1,1,1,1,1
"90",3,2,1,0.75,0.333333333,1,"上海市",0,3,1,0,1,1,1,1,1
"91",4,1,1,0.666666667,0.5,1,"上海市",1,6,1,0,1,1,0,0,1
"92",3,1,0,0.666666667,0,1,"上海市",1,6,2,0,1,1,0,0,1
"93",4,1,1,0.666666667,0.5,1,"上海市",0,6,1,1,0,0,0,0,1
"94",1,2,1,0.333333333,1,1,"上海市",1,7,1,1,1,1,0,1,1
"95",2,2,0,0,0,0,"上海市",1,6,0,0,0,0,1,1,1
"96",0,1,1,0.5,1,1,"上海市",1,2,1,1,1,1,1,0,1
"97",3,2,1,0.5,0.5,1,"上海市",1,5,1,1,1,1,0,1,1
"98",3,2,1,0.5,0.5,1,"上海市",1,6,1,1,1,1,0,1,1
"99",1,0,0,1,0,1,"上海市",0,4,0,0,1,0,0,0,0
"100",2,0,1,0.666666667,0.5,1,"上海市",1,5,1,0,1,0,0,0,0
"101",1,2,1,0.75,0.333333333,1,"上海市",0,5,0,0,0,1,0,1,1
"102",4,1,0,0,0,0,"上海市",0,6,1,0,1,1,1,0,1
"103",2,2,0,0.666666667,0,1,"上海市",0,5,1,0,1,1,0,1,1
"104",3,2,1,0.5,1,1,"上海市",1,6,1,1,1,1,0,1,1
"105",3,2,1,0.666666667,0.5,1,"上海市",0,5,1,1,1,1,0,1,1
"106",2,2,0,0,0,0,"上海市",1,6,1,1,1,0,0,1,1
"107",3,2,0,0.8,0,1,"上海市",0,6,1,1,1,1,0,1,1
"108",2,2,1,0.5,1,1,"上海市",1,5,1,1,1,0,0,1,1
"109",3,1,0,0.5,0,1,"上海市",1,5,0,0,1,1,1,0,1
"110",3,2,0,0.833333333,0,1,"上海市",1,6,1,1,0,1,0,1,1
"111",4,2,0,0,0,0,"上海市",1,2,1,1,1,1,0,1,1
"112",2,1,1,0.75,0.333333333,1,"上海市",1,4,1,1,1,1,1,0,1
"113",4,0,0,0.5,0,1,"上海市",1,3,1,1,1,1,1,0,0
"114",4,0,0,0,0,0,"上海市",1,6,1,1,0,0,1,0,0
"115",4,0,0,0,0,0,"上海市",0,1,1,0,1,1,1,0,0
"116",4,2,0,0,0,0,"上海市",0,5,1,0,1,1,1,1,1
"117",4,0,1,1,1,1,"上海市",1,3,1,0,1,0,1,0,0
"118",4,0,1,1,0.5,1,"上海市",1,3,1,0,1,0,1,0,0
"119",4,0,0,0,0,0,"上海市",1,2,1,0,1,1,1,0,0
"120",2,1,1,0.5,0.5,1,"上海市",1,6,0,1,0,1,1,0,1
"121",2,2,1,0.5,1,1,"上海市",1,6,4,1,1,1,0,1,1
"122",2,2,1,0.5,1,1,"上海市",0,5,1,1,1,1,0,1,1
"123",2,1,1,1,0.25,1,"上海市",1,3,1,1,1,0,0,0,1
"124",4,2,0,0,0,1,"上海市",1,3,1,0,1,0,0,1,1
"125",2,0,0,0.5,0,1,"上海市",1,1,1,1,1,0,1,0,0
"126",0,0,0,0,0,0,"上海市",1,4,1,0,1,0,1,0,0
"127",1,2,0,0.5,0,1,"上海市",1,6,0,1,1,1,1,1,1
"128",2,2,1,0.6,0.333333333,1,"上海市",0,6,1,0,1,1,0,1,1
"129",2,2,1,0.666666667,0.25,1,"上海市",0,8,1,0,1,1,0,1,1
"130",4,2,0,0,0,0,"上海市",1,7,1,1,1,1,0,1,1
"131",0,2,0,0.8,0,1,"上海市",0,6,0,0,1,1,0,1,1
"132",4,2,0,0,0,0,"上海市",0,1,1,1,1,1,1,1,1
"133",4,2,0,0.5,0,1,"上海市",1,6,1,0,1,1,1,1,1
"134",2,0,1,1,0.5,1,"上海市",1,7,1,1,1,0,0,0,0
"135",4,0,0,0,0,0,"上海市",1,4,1,1,0,1,1,0,0
"136",2,1,0,1,0,1,"上海市",1,3,1,1,1,0,0,0,1
"137",1,2,1,1,0.25,1,"上海市",0,7,1,0,1,0,0,1,1
"138",1,2,0,0,0,0,"上海市",1,5,1,0,0,0,1,1,1
"139",0,0,0,0,0,0,"上海市",0,4,0,1,1,0,1,0,0
"140",2,2,0,0,0,0,"上海市",1,3,1,1,1,0,0,1,1
"141",2,2,0,0.6,0,1,"上海市",1,6,0,1,0,1,1,1,1
"142",0,2,1,0.8,0.25,1,"上海市",0,6,0,1,0,1,1,1,1
"143",2,2,0,1,0,1,"上海市",0,7,1,0,1,0,0,1,1
"144",3,2,0,0.5,0,1,"上海市",1,6,0,1,1,1,1,1,1
"145",4,0,0,0.5,0,1,"上海市",1,2,1,0,1,1,0,0,0
"146",4,2,0,0,0,0,"上海市",0,6,0,1,0,1,1,1,1
"147",4,2,0,0,0,0,"上海市",0,1,1,1,1,1,1,1,1
"148",3,2,0,0,0,0,"上海市",0,6,0,0,1,0,0,1,1
"149",3,2,0,1,0,1,"上海市",1,6,0,0,1,0,0,1,1
"150",3,1,0,0.5,0,1,"上海市",1,2,1,1,1,0,0,0,1
"151",0,2,0,0,0,0,"上海市",0,6,0,1,1,0,1,1,1
"152",3,1,1,0.333333333,1,1,"上海市",1,5,1,1,1,1,1,0,1
"153",2,2,1,0.5,0.5,1,"上海市",1,6,0,0,0,1,0,1,1
"154",4,0,0,0,0,0,"上海市",1,1,1,1,1,0,0,0,0
"155",2,1,0,0.5,0,1,"上海市",1,6,0,1,0,1,1,0,1
"156",2,1,1,0.75,0.333333333,1,"上海市",1,6,0,1,0,1,1,0,1
"157",3,2,0,0.5,0,1,"上海市",1,6,0,1,1,1,1,1,1
"158",0,0,0,0,0,1,"上海市",1,1,1,1,1,1,0,0,0
"159",2,0,0,1,0,1,"上海市",0,5,0,0,1,0,0,0,0
"160",3,0,0,0,0,0,"上海市",1,4,1,0,1,1,0,0,0
"161",2,1,0,1,0,1,"上海市",1,5,1,0,1,0,0,0,1
"162",3,2,0,1,0,1,"上海市",1,6,0,1,1,0,1,1,1
"163",4,1,0,0,0,0,"上海市",0,2,1,1,1,1,1,1,0
"164",2,2,0,0.5,0,1,"上海市",1,6,1,1,0,1,0,1,1
"165",2,2,1,0.666666667,0.5,1,"上海市",0,6,0,1,1,1,1,1,1
"166",2,1,0,0.75,0,1,"上海市",1,8,1,0,1,1,0,0,1
"167",2,2,0,0.5,0,1,"上海市",1,6,1,1,0,1,0,1,1
"168",4,2,0,0,0,0,"上海市",0,2,1,0,1,1,0,1,1
"169",4,1,1,0.666666667,0.5,1,"上海市",1,6,0,0,0,1,1,0,1
"170",3,2,1,0.5,1,1,"上海市",1,6,0,1,1,1,1,1,1
"171",4,2,1,0.714285714,0.2,1,"上海市",0,6,1,0,1,1,1,1,1
"172",4,0,0,0,0,0,"上海市",1,2,1,0,1,0,1,0,0
"173",1,1,1,0.5,1,1,"上海市",0,6,0,0,1,1,1,0,1
"174",1,1,1,0.666666667,0.5,1,"上海市",0,6,1,1,0,1,0,0,1
"175",3,1,1,0.5,1,1,"上海市",1,3,1,0,1,0,1,0,1
"176",4,1,1,0.5,1,1,"上海市",1,2,1,1,1,1,0,0,1
"177",0,2,0,0.666666667,0,1,"上海市",0,1,0,1,1,1,1,1,1
"178",2,1,0,0,0,0,"上海市",1,6,0,1,1,1,1,1,0
"179",3,1,0,0.5,0,1,"上海市",1,5,1,1,1,1,1,0,1
"180",3,2,0,0,0,1,"上海市",0,3,1,1,1,1,0,1,1
"181",1,2,0,1,0,1,"上海市",1,6,0,1,1,0,1,1,1
"182",3,2,0,0,0,0,"上海市",0,3,1,0,1,1,0,1,1
"183",2,2,1,0.6,0.333333333,1,"上海市",0,5,1,0,0,1,1,1,1
"184",2,1,0,0.5,0,1,"上海市",1,6,0,1,1,1,1,0,1
"185",1,1,0,0,0,0,"上海市",1,5,0,0,1,1,0,0,1
"186",4,0,0,0,0,0,"上海市",1,6,1,1,1,1,1,0,0
"187",4,2,0,0,0,0,"上海市",1,1,5,0,1,1,1,1,1
"188",2,2,0,0,0,0,"上海市",1,6,0,1,1,1,1,1,1
"189",3,2,0,0.333333333,0,1,"上海市",1,3,0,0,1,1,0,1,1
"190",3,1,0,1,0,1,"上海市",1,2,1,1,1,0,0,0,1
"191",3,2,1,0.666666667,0.5,1,"上海市",0,6,1,1,0,1,0,1,1
"192",4,1,0,0,0,0,"上海市",1,6,0,0,1,1,0,0,1
"193",4,1,0,0,0,0,"上海市",1,6,0,0,1,1,0,0,1
"194",0,2,1,1,1,1,"上海市",0,6,0,1,0,0,1,1,1
"195",4,1,0,0,0,0,"上海市",1,1,1,1,1,0,0,1,0
"196",3,2,0,0,0,0,"上海市",1,7,0,1,1,0,1,1,1
"197",0,2,0,0,0,0,"上海市",1,6,1,1,1,0,1,1,1
"198",1,2,0,0,0,0,"上海市",0,6,1,0,1,1,0,1,1
"199",3,1,0,0.5,0,1,"上海市",1,6,0,1,0,1,1,0,1
"200",2,2,0,0,0,0,"上海市",0,5,1,0,0,1,0,1,1
"201",4,2,0,0,0,0,"上海市",0,6,1,0,1,1,0,1,1
"202",3,1,0,0,0,0,"上海市",0,5,1,1,1,1,0,0,1
"203",2,2,0,0.5,0,1,"上海市",1,6,0,1,0,1,1,1,1
"204",3,2,1,0.333333333,1,1,"上海市",1,6,1,0,0,1,1,1,1
"205",4,1,0,0.5,0,1,"上海市",1,2,5,1,1,1,1,1,0
"206",2,2,1,0.8,0.25,1,"上海市",1,5,1,1,0,1,0,1,1
"207",2,0,1,0.5,0.5,1,"上海市",1,4,1,1,1,1,0,0,0
"208",3,1,0,1,0,1,"上海市",1,6,0,1,0,0,1,0,1
"209",2,1,0,0.333333333,0,1,"上海市",1,6,0,0,0,1,1,0,1
"210",4,2,0,0,0,0,"上海市",0,2,3,0,1,0,1,1,1
"211",4,1,0,0,0,0,"上海市",1,3,1,0,1,1,1,0,1
"212",3,1,0,0,0,0,"上海市",1,1,1,0,1,1,1,0,1
"213",4,0,0,0,0,0,"上海市",0,2,1,1,1,0,0,0,0
"214",2,1,1,0.5,1,1,"上海市",1,5,0,0,0,1,0,0,1
"215",2,1,0,1,0,1,"上海市",0,5,0,0,1,0,1,0,1
"216",2,1,0,0,0,0,"上海市",1,5,1,1,1,0,0,1,0
"217",2,2,0,0,0,0,"上海市",1,6,1,1,1,1,0,1,1
"218",3,2,0,0,0,0,"上海市",1,6,0,1,1,0,1,1,1
"219",4,0,0,0,0,0,"上海市",1,1,5,0,1,0,1,0,0
"220",3,2,1,1,0.333333333,1,"上海市",1,3,0,1,1,0,1,1,1
"221",3,2,1,0.666666667,0.5,1,"上海市",1,5,1,1,1,1,0,1,1
"222",2,2,0,0,0,1,"上海市",1,6,0,1,0,0,1,1,1
"223",2,1,0,0.666666667,0,1,"上海市",1,6,0,1,1,1,1,0,1
"224",3,1,0,1,0,1,"上海市",1,2,1,1,1,0,0,0,1
"225",3,1,1,0.666666667,0.5,1,"上海市",0,3,0,1,1,1,1,0,1
"226",4,2,1,0.333333333,1,1,"上海市",0,3,1,0,1,1,1,1,1
"227",3,2,0,0,0,0,"上海市",1,4,1,1,1,1,0,1,1
"228",1,2,0,0.5,0,1,"上海市",1,6,1,1,1,1,0,1,1
"229",2,2,0,0,0,0,"上海市",0,6,1,0,1,0,0,1,1
"230",2,1,1,0.6,0.333333333,1,"上海市",1,6,1,1,0,1,0,0,1
"231",2,0,0,0,0,0,"上海市",1,2,2,0,1,0,0,0,0
"232",4,1,0,0,0,0,"上海市",1,2,1,0,1,1,1,0,1
"233",4,0,1,0.5,1,1,"上海市",0,6,1,1,0,1,1,0,0
"234",3,1,0,0,0,0,"上海市",0,3,1,1,1,0,0,0,1
"235",0,1,0,0,0,0,"上海市",1,5,0,0,1,0,0,1,0
"236",3,1,0,0,0,0,"上海市",1,3,1,0,1,1,1,0,1
"237",2,1,0,1,0,1,"上海市",1,6,1,1,1,0,0,0,1
"238",3,1,0,0,0,0,"上海市",1,3,1,1,1,0,0,1,0
"239",3,2,0,0,0,0,"上海市",0,3,1,0,1,1,1,1,1
"240",1,1,0,0.666666667,0,1,"上海市",1,6,0,1,0,1,1,1,0
"241",4,2,0,0.5,0,1,"上海市",0,1,1,0,1,1,1,1,1
"242",4,2,1,0.5,0.5,1,"上海市",1,2,1,0,1,1,1,1,1
"243",4,1,0,0,0,0,"上海市",0,3,1,1,0,0,0,1,0
"244",3,0,1,0.5,0.5,1,"上海市",0,6,0,1,1,1,1,0,0
"245",3,2,0,0,0,0,"上海市",1,6,1,1,1,1,0,1,1
"246",2,2,0,0,0,0,"上海市",0,6,0,1,1,0,1,1,1
"247",4,2,0,0,0,0,"上海市",0,1,1,0,1,1,1,1,1
"248",2,2,0,0,0,0,"上海市",1,6,0,1,1,0,1,1,1
"249",2,2,0,0,0,0,"上海市",1,6,0,1,0,0,1,1,1
"250",2,2,1,0.5,0.5,1,"上海市",1,5,1,0,0,1,0,1,1
"251",1,1,0,0,0,1,"上海市",1,6,1,1,1,1,0,0,1
"252",4,1,0,0.5,0,1,"上海市",1,2,1,0,1,1,0,1,0
"253",2,1,0,0,0,0,"上海市",0,5,1,1,1,0,0,0,1
"254",2,2,0,0.5,0,1,"上海市",1,6,0,0,0,1,0,1,1
"255",4,0,0,0,0,0,"上海市",0,3,1,1,1,0,0,0,0
"256",2,2,1,0.8,0.25,1,"上海市",0,6,0,1,0,1,1,1,1
"257",2,2,1,0.6,0.333333333,1,"上海市",1,6,0,0,0,1,1,1,1
"258",4,0,0,0,0,0,"上海市",1,2,1,1,1,1,1,0,0
"259",4,0,0,0,0,0,"上海市",1,3,1,1,0,0,1,0,0
"260",4,0,0,0,0,0,"上海市",1,2,1,0,0,1,1,0,0
"261",4,2,0,1,0,1,"上海市",1,2,1,1,1,0,0,1,1
"262",3,2,1,0.714285714,0.2,1,"上海市",1,6,1,1,0,1,1,1,1
"263",3,2,1,0.666666667,0.5,1,"上海市",1,5,1,1,1,1,0,1,1
"264",2,2,0,0,0,0,"上海市",1,6,0,1,0,0,1,1,1
"265",2,1,1,1,0.25,1,"上海市",0,6,1,1,1,0,0,0,1
"266",4,1,0,0,0,0,"上海市",0,6,1,1,1,0,0,0,1
"267",2,1,0,0.8,0,1,"上海市",0,3,1,1,1,1,0,0,1
"268",2,1,0,1,0,1,"上海市",0,3,1,0,1,0,1,1,0
"269",3,2,0,0,0,0,"上海市",0,5,1,1,1,0,0,1,1
"270",1,1,0,1,0,1,"上海市",1,6,0,1,0,0,1,0,1
"271",3,1,0,1,0,1,"上海市",1,6,0,1,0,0,1,1,0
"272",1,2,0,0,0,0,"上海市",1,7,1,0,0,1,0,1,1
"273",3,1,0,0.5,0,1,"上海市",0,6,0,1,1,1,1,0,1
"274",2,2,0,0,0,0,"上海市",1,6,0,1,0,1,1,1,1
"275",4,0,0,0,0,0,"上海市",1,1,1,0,1,0,0,0,0
"276",3,2,0,0,0,0,"上海市",0,6,0,1,1,0,1,1,1
"277",1,2,1,0.666666667,0.5,1,"上海市",1,7,1,0,1,1,0,1,1
"278",1,2,1,0.666666667,0.5,1,"上海市",0,6,1,1,0,0,0,1,1
"279",0,2,1,1,0.25,1,"上海市",1,6,0,0,0,0,1,1,1
"280",0,2,1,0.5,1,1,"上海市",0,6,5,1,1,1,0,1,1
"281",3,0,0,0.5,0,1,"上海市",1,6,0,1,0,1,1,0,0
"282",3,2,0,0.666666667,0,1,"上海市",0,3,1,0,1,1,1,1,1
"283",3,2,0,0.75,0,1,"上海市",0,5,1,1,0,1,0,1,1
"284",4,0,0,0,0,0,"上海市",1,1,1,0,1,0,1,0,0
"285",3,2,1,0.75,0.333333333,1,"上海市",1,6,0,1,0,1,1,1,1
"286",3,0,0,0,0,0,"上海市",1,2,1,0,1,0,1,0,0
"287",0,2,0,0,0,0,"上海市",0,3,1,1,1,1,0,1,1
"288",3,2,0,0,0,0,"上海市",1,1,1,0,1,1,0,1,1
"289",2,1,0,1,0,1,"上海市",1,6,0,0,0,0,0,0,1
"290",3,2,1,0.5,1,1,"上海市",1,3,1,1,1,1,0,1,1
"291",3,2,1,0.5,0.5,1,"上海市",1,6,0,0,0,1,0,1,1
"292",2,2,0,0,0,0,"上海市",0,2,1,0,1,1,1,1,1
"293",2,0,0,0.5,0,1,"上海市",1,6,1,1,1,1,0,0,0
"294",2,1,1,0.666666667,0.5,1,"上海市",1,3,1,1,0,1,0,0,1
"295",4,2,0,0,0,0,"上海市",1,1,5,0,1,0,1,1,1
"296",2,2,0,0.5,0,1,"上海市",1,6,0,1,0,1,1,1,1
"297",3,0,0,0,0,0,"上海市",1,1,1,0,1,1,1,0,0
"298",4,2,0,0,0,0,"上海市",0,2,1,0,1,0,1,1,1
"299",4,1,0,0,0,0,"上海市",1,2,5,0,1,0,1,1,0
"300",2,1,1,0.666666667,0.5,1,"上海市",1,3,0,1,0,0,0,0,1
"301",1,0,0,0,0,0,"上海市",1,6,0,1,1,1,1,0,0
"302",1,2,0,0.666666667,0,1,"上海市",0,6,0,0,0,1,0,1,1
"303",2,2,0,0.666666667,0,1,"上海市",0,6,0,1,0,1,1,1,1
"304",4,2,0,0,0,0,"上海市",0,2,1,0,1,1,1,1,1
"305",4,0,0,0,0,1,"上海市",0,1,1,1,1,0,0,0,0
"306",0,2,0,0,0,0,"上海市",0,3,0,0,1,0,0,1,1
"307",4,0,0,0,0,0,"上海市",1,0,5,0,0,1,1,0,0
"308",2,1,0,0,0,1,"上海市",0,6,0,1,1,0,1,1,0
"309",4,1,0,0,0,0,"上海市",0,2,1,1,1,0,0,1,0
"310",4,0,0,0,0,0,"上海市",1,1,1,1,1,0,1,0,0
"311",0,1,0,0,0,0,"上海市",0,3,5,1,1,0,1,0,1
"312",3,2,1,0.5,0.5,1,"上海市",0,3,1,0,1,1,1,1,1
"313",3,2,0,0,0,1,"上海市",1,3,1,1,1,1,0,1,1
"314",3,0,0,0,0,0,"上海市",1,2,1,1,1,0,0,0,0
"315",3,1,1,0.666666667,0.5,1,"上海市",1,5,1,1,1,1,0,0,1
"316",0,2,0,0,0,0,"上海市",0,3,1,1,1,0,1,1,1
"317",4,1,0,0,0,0,"上海市",1,3,1,0,1,1,1,0,1
"318",0,2,0,0.5,0,1,"上海市",1,3,0,0,0,0,0,1,1
"319",4,1,1,0.5,1,1,"上海市",0,2,5,0,0,1,1,0,1
"320",4,2,0,0,0,0,"上海市",0,2,1,0,1,1,1,1,1
"321",3,2,1,0.666666667,0.5,1,"上海市",1,6,1,1,1,1,0,1,1
"322",4,2,0,0,0,1,"上海市",1,6,1,1,1,1,0,1,1
"323",4,2,0,0,0,0,"上海市",0,3,1,1,0,1,0,1,1
"324",4,0,0,0,0,0,"上海市",1,5,5,0,1,1,1,0,0
"325",4,1,0,0,0,0,"上海市",1,1,1,1,1,0,0,1,0
"326",2,2,1,0.666666667,0.5,1,"上海市",1,6,1,0,1,1,0,1,1
"327",0,2,0,1,0,1,"上海市",1,7,0,1,0,0,0,1,1
"328",4,0,0,0.5,0,1,"上海市",1,6,1,0,1,1,0,0,0
"329",4,1,0,0,0,0,"上海市",0,1,1,0,1,1,1,1,0
"330",3,1,0,0,0,0,"上海市",0,2,1,1,1,1,0,0,1
"331",2,2,0,0,0,0,"上海市",1,6,0,0,0,1,1,1,1
"332",2,2,0,0,0,0,"上海市",1,6,0,1,0,0,1,1,1
"333",3,0,1,0.5,1,1,"上海市",1,6,1,1,1,0,0,0,0
"334",3,1,0,0,0,0,"上海市",0,5,0,0,1,0,1,1,0
"335",4,2,0,0,0,0,"上海市",0,1,1,1,1,1,1,1,1
"336",3,1,0,0,0,0,"上海市",0,6,0,1,0,1,1,0,1
"337",2,1,0,0,0,0,"上海市",0,6,0,0,1,0,0,1,0
"338",2,1,0,0.5,0,1,"上海市",1,6,0,1,1,1,1,0,1
"339",3,2,0,0,0,0,"上海市",0,6,0,1,1,0,1,1,1
"340",1,2,1,0.875,0.142857143,1,"上海市",1,6,1,1,0,1,0,1,1
"341",1,2,0,0,0,0,"上海市",1,6,0,1,0,0,1,1,1
"342",4,1,0,0,0,0,"上海市",1,4,1,0,1,1,0,0,1
"343",3,1,1,0.333333333,1,1,"上海市",0,3,1,1,1,1,1,0,1
"344",0,1,0,1,0,1,"上海市",1,6,0,0,1,0,0,0,1
"345",3,1,1,0.5,0.5,1,"上海市",1,3,1,0,0,1,1,1,0
"346",3,1,0,0,0,0,"上海市",0,2,1,0,1,1,0,0,1
"347",3,2,0,0.333333333,0,1,"上海市",1,7,0,0,0,1,0,1,1
"348",3,1,0,0,0,0,"上海市",0,3,0,0,1,0,0,0,1
"349",3,1,1,0.666666667,0.5,1,"上海市",1,6,0,0,0,1,0,0,1
"350",4,2,0,0.5,0,1,"上海市",1,2,0,0,1,1,0,1,1
"351",2,2,0,0,0,0,"上海市",0,7,4,1,1,0,0,1,1
"352",2,0,0,0.333333333,0,1,"上海市",1,2,1,0,1,1,0,0,0
"353",2,2,1,0.5,0.5,1,"上海市",1,6,1,0,1,1,0,1,1
"354",0,2,0,0,0,0,"上海市",0,2,1,1,0,1,1,1,1
"355",2,1,0,0,0,0,"上海市",1,6,0,0,1,0,0,0,1
"356",3,0,0,1,0,1,"上海市",0,5,0,1,1,0,0,0,0
"357",4,2,0,0.5,0,1,"上海市",1,6,1,1,1,1,0,1,1
"358",2,1,0,0.666666667,0,1,"上海市",0,3,1,1,1,1,0,1,0
"359",3,0,0,0,0,1,"上海市",1,3,1,1,1,1,1,0,0
"360",1,2,0,1,0,1,"上海市",1,6,1,1,1,0,0,1,1
"361",0,2,0,0,0,0,"上海市",0,2,1,0,1,0,1,1,1
"362",4,1,0,0,0,0,"上海市",0,3,0,0,1,1,1,0,1
"363",3,1,1,0.333333333,1,1,"上海市",0,2,1,1,1,1,0,0,1
"364",2,2,0,0,0,0,"上海市",1,6,0,0,1,1,1,1,1
"365",3,2,0,0,0,0,"上海市",0,6,0,0,0,1,0,1,1
"366",3,2,0,0.75,0,1,"上海市",1,6,1,1,1,1,0,1,1
"367",4,0,0,0,0,0,"上海市",0,1,1,1,1,1,1,0,0
"368",0,2,0,0,0,0,"上海市",1,6,0,1,0,0,1,1,1
"369",4,2,0,0.5,0,1,"上海市",1,6,1,0,1,1,0,1,1
"370",4,1,0,0,0,0,"上海市",1,3,1,0,1,1,0,0,1
"371",2,2,1,0.666666667,0.5,1,"上海市",0,7,0,0,0,1,0,1,1
"372",1,2,1,0.8,0.25,1,"上海市",0,6,1,1,1,1,0,1,1
"373",1,1,0,1,0,1,"上海市",1,6,0,0,1,0,0,0,1
"374",3,1,0,0,0,1,"上海市",1,2,1,1,1,0,1,0,1
"375",4,0,0,0,0,1,"上海市",0,3,1,1,1,1,1,0,0
"376",2,1,1,0.666666667,0.5,1,"上海市",1,6,0,1,1,1,1,0,1
"377",2,2,0,0,0,0,"上海市",0,3,1,1,0,1,1,1,1
"378",3,2,0,0.333333333,0,1,"上海市",1,2,1,0,1,1,1,1,1
"379",2,2,0,0.5,0,1,"上海市",1,3,1,0,1,1,0,1,1
"380",4,0,0,0,0,0,"上海市",0,1,1,0,1,0,1,0,0
"381",2,1,0,1,0,1,"上海市",0,6,1,1,1,0,0,0,1
"382",1,0,0,0.5,0,1,"上海市",1,6,0,1,0,0,1,0,0
"383",4,2,0,0,0,0,"上海市",1,1,5,0,1,1,1,1,1
"384",4,1,1,0.666666667,0.5,1,"上海市",1,4,1,1,1,1,0,1,0
"385",3,2,0,0,0,0,"上海市",1,6,0,0,1,1,1,1,1
"386",4,2,0,0,0,0,"上海市",1,2,1,1,1,0,0,1,1
"387",4,2,0,0,0,0,"上海市",1,5,1,0,1,1,0,1,1
"388",4,1,0,1,0,1,"上海市",1,6,0,0,0,0,0,1,0
"389",2,2,0,0,0,0,"上海市",0,3,1,0,1,1,0,1,1
"390",3,2,1,0.8,0.25,1,"上海市",1,5,1,1,1,1,0,1,1
"391",4,2,0,0,0,0,"上海市",1,2,1,1,1,1,1,1,1
"392",4,0,0,0,0,0,"上海市",1,1,4,1,1,1,1,0,0
"393",1,2,1,0.8,0.125,1,"上海市",1,4,0,0,1,1,0,1,1
"394",2,2,0,0,0,0,"上海市",1,4,0,0,1,1,0,1,1
"395",4,2,0,0,0,0,"上海市",0,5,1,1,1,1,0,1,1
"396",1,2,1,1,0.25,1,"上海市",0,6,0,1,0,0,1,1,1
"397",0,2,0,0,0,0,"上海市",0,6,0,1,1,0,1,1,1
"398",4,1,0,0,0,1,"上海市",1,6,1,1,1,1,0,0,1
"399",2,2,1,0.5,1,1,"上海市",0,6,0,0,1,1,0,1,1
"400",2,1,0,0.6,0,1,"上海市",1,5,1,1,1,1,0,0,1
"401",4,1,0,0,0,0,"上海市",0,3,1,0,1,1,1,0,1
"402",4,1,0,0,0,0,"上海市",1,2,5,0,1,1,1,1,0
"403",1,2,1,0.5,0.5,1,"上海市",0,5,1,0,1,1,1,1,1
"404",3,0,0,1,0,1,"上海市",0,2,1,1,1,0,0,0,0
"405",2,2,0,0,0,0,"上海市",1,6,0,1,0,1,1,1,1
"406",3,2,0,1,0,1,"上海市",1,6,2,0,0,0,0,1,1
"407",3,1,0,0.666666667,0,1,"上海市",0,2,1,1,1,1,0,0,1
"408",4,2,0,0,0,0,"上海市",1,3,5,1,1,0,1,1,1
"409",4,0,0,0,0,0,"上海市",0,5,0,0,1,1,0,0,0
"410",1,0,1,0.666666667,0.5,1,"上海市",1,5,0,1,1,1,1,0,0
"411",2,2,0,0.6,0,1,"上海市",0,5,1,1,1,1,1,1,1
"412",3,2,1,0.875,0.142857143,1,"上海市",1,6,1,1,0,1,0,1,1
"413",3,2,0,0,0,0,"上海市",0,3,1,1,1,1,0,1,1
"414",2,2,0,0.666666667,0,1,"上海市",0,6,1,1,1,1,0,1,1
"415",1,1,1,0.8,0.25,1,"上海市",0,5,1,1,0,1,1,0,1
"416",4,1,0,0,0,0,"上海市",0,2,2,0,1,0,0,1,0
"417",0,2,0,0.666666667,0,1,"上海市",0,6,1,0,0,1,0,1,1
"418",3,0,1,1,1,1,"上海市",0,4,1,1,1,0,1,0,0
"419",4,1,0,0,0,0,"上海市",0,2,1,1,1,1,0,0,1
"420",3,2,0,0,0,0,"上海市",0,6,1,1,1,0,0,1,1
"421",4,2,0,0,0,0,"上海市",1,6,1,0,1,1,0,1,1
"422",2,2,1,0.666666667,0.5,1,"上海市",1,6,0,0,0,1,0,1,1
"423",3,2,1,0.714285714,0.2,1,"上海市",1,6,1,1,0,1,0,1,1
"424",4,2,0,0,0,0,"上海市",0,2,1,0,1,1,1,1,1
"425",4,0,0,0,0,0,"上海市",1,2,5,0,1,0,1,0,0
"426",4,2,0,0,0,0,"上海市",0,2,1,0,1,1,1,1,1
"427",4,2,0,0.5,0,1,"上海市",1,2,1,0,1,1,1,1,1
"428",3,1,0,0.5,0,1,"上海市",0,2,1,0,1,1,0,0,1
"429",4,0,0,0,0,0,"上海市",1,1,1,0,1,0,1,0,0
"430",4,0,0,0,0,0,"上海市",1,2,5,0,1,1,1,0,0
"431",2,2,0,0,0,0,"上海市",1,6,0,0,1,1,1,1,1
"432",4,2,1,0.5,0.5,1,"上海市",1,6,1,1,1,1,0,1,1
"433",4,0,0,0,0,0,"上海市",1,1,1,1,1,1,1,0,0
"434",3,2,0,1,0,1,"上海市",1,7,0,0,1,0,0,1,1
"435",2,1,0,0,0,0,"上海市",1,1,1,1,1,1,0,0,1
"436",2,2,0,1,0,1,"上海市",0,6,0,0,0,0,0,1,1
"437",2,1,0,0.5,0,1,"上海市",1,2,1,1,1,1,0,1,0
"438",2,2,0,0.5,0,1,"上海市",1,6,0,0,1,1,1,1,1
"439",3,1,0,0,0,0,"上海市",1,4,1,1,1,1,1,0,1
"440",1,2,1,1,0.333333333,1,"上海市",0,6,0,1,1,0,0,1,1
"441",3,0,0,0,0,0,"上海市",0,3,0,0,1,0,1,0,0
"442",4,2,1,0.5,1,1,"上海市",1,3,1,1,1,1,0,1,1
"443",1,2,1,0.5,1,1,"上海市",0,6,1,1,1,1,0,1,1
"444",3,0,0,0,0,0,"上海市",1,1,1,1,1,1,1,0,0
"445",3,2,0,0.5,0,1,"上海市",1,5,1,0,1,1,0,1,1
"446",2,1,0,0.333333333,0,1,"上海市",1,3,1,0,1,1,1,0,1
"447",1,2,0,1,0,1,"上海市",1,6,0,0,1,0,0,1,1
"448",4,1,0,0,0,0,"上海市",1,5,1,0,0,1,0,0,1
"449",3,1,0,0,0,0,"上海市",0,5,1,1,1,0,0,0,1
"450",4,2,0,0,0,0,"上海市",1,3,1,0,1,1,1,1,1
"451",0,2,1,0.75,0.333333333,1,"上海市",1,8,1,1,0,1,0,1,1
"452",4,1,0,0,0,0,"上海市",1,3,4,0,1,0,0,0,1
"453",4,2,1,0.75,0.333333333,1,"上海市",1,6,1,1,0,1,0,1,1
"454",2,1,0,0,0,0,"上海市",1,2,5,1,1,1,1,0,1
"455",4,2,0,1,0,1,"上海市",1,5,0,0,1,0,0,1,1
"456",2,2,0,1,0,1,"上海市",0,6,1,1,1,0,0,1,1
"457",4,2,0,0,0,0,"上海市",0,4,1,0,1,0,1,1,1
"458",4,1,1,0.5,1,1,"上海市",0,6,1,1,1,1,0,0,1
"459",2,2,1,0.5,1,1,"上海市",1,5,1,1,1,1,0,1,1
"460",3,1,0,0,0,0,"上海市",0,3,1,0,1,1,1,0,1
"461",4,2,0,0.5,0,1,"上海市",0,6,1,0,1,1,1,1,1
"462",2,2,1,0.666666667,0.5,1,"上海市",0,3,1,1,1,0,0,1,1
"463",3,2,1,0.5,1,1,"上海市",0,5,1,0,0,1,1,1,1
"464",4,2,1,0.6,0.333333333,1,"上海市",0,7,1,1,0,1,0,1,1
"465",2,1,1,0.6,0.333333333,1,"上海市",1,2,1,1,1,1,1,1,0
"466",2,2,0,0,0,0,"上海市",0,3,1,1,1,0,0,1,1
"467",2,1,1,0.666666667,0.5,1,"上海市",0,3,1,1,1,1,1,1,0
"468",3,1,0,0,0,0,"上海市",1,2,1,0,1,0,1,1,0
"469",4,2,0,0,0,0,"上海市",1,6,1,1,1,1,0,1,1
"470",1,2,1,0.833333333,0.2,1,"上海市",0,6,1,1,0,1,0,1,1
"471",4,2,0,0.5,0,1,"上海市",0,3,1,0,1,1,1,1,1
"472",4,2,0,0,0,0,"上海市",1,2,4,0,1,0,1,1,1
"473",3,2,1,1,0.5,1,"上海市",1,3,1,1,1,0,0,1,1
"474",1,1,1,0.5,0.5,1,"上海市",1,5,1,1,1,1,0,0,1
"475",4,0,0,0.333333333,0,1,"上海市",1,2,1,0,1,1,0,0,0
"476",2,2,1,0.333333333,1,1,"上海市",1,3,1,0,1,1,1,1,1
"477",3,2,0,0,0,0,"上海市",1,5,0,0,1,0,1,1,1
"478",2,2,1,0.8,0.25,1,"上海市",1,6,1,1,1,1,0,1,1
"479",4,2,0,0,0,0,"上海市",1,2,1,0,1,0,0,1,1
"480",3,1,1,1,1,1,"上海市",0,6,1,1,1,0,0,0,1
"481",2,2,0,0,0,0,"上海市",0,6,1,1,0,0,0,1,1
"482",0,2,1,0.5,1,1,"上海市",0,5,0,1,0,1,1,1,1
"483",1,2,0,0.833333333,0,1,"上海市",1,6,0,0,0,1,0,1,1
"484",3,0,1,0.75,0.333333333,1,"上海市",0,8,1,1,1,1,0,0,0
"485",2,2,1,0.909090909,0.1,1,"上海市",1,7,1,1,1,1,0,1,1
"486",4,1,0,0.333333333,0,1,"上海市",0,3,1,1,1,1,1,1,0
"487",2,1,1,0.6,0.333333333,1,"上海市",0,5,1,1,0,1,0,0,1
"488",4,2,0,1,0,1,"上海市",1,2,1,1,1,0,1,1,1
"489",4,1,0,0,0,0,"上海市",0,1,1,0,1,0,0,0,1
"490",3,2,1,0.5,1,1,"上海市",1,4,1,1,1,1,0,1,1
"491",3,2,0,0.5,0,1,"上海市",0,3,0,0,1,1,0,1,1
"492",2,0,0,0,0,0,"上海市",1,4,1,1,1,1,0,0,0
"493",1,0,0,0,0,0,"上海市",0,6,0,1,1,0,0,0,0
"494",2,1,0,0.75,0,1,"上海市",1,5,0,0,0,0,0,0,1
"495",3,2,0,0,0,0,"上海市",1,6,0,0,1,1,0,1,1
"496",3,1,0,0,0,0,"上海市",0,5,0,0,1,0,0,0,1
"497",4,1,0,0,0,0,"上海市",1,2,1,0,1,0,1,0,1
"498",3,2,1,0.5,0.5,1,"上海市",0,6,1,1,1,1,1,1,1
"499",4,0,0,0,0,0,"上海市",1,2,1,0,1,1,1,0,0
"500",1,1,1,0.6,0.333333333,1,"上海市",1,7,0,0,0,1,0,0,1
"501",3,0,0,0,0,0,"上海市",1,2,5,1,1,0,1,0,0
"502",3,2,0,0.5,0,1,"上海市",1,6,0,1,0,1,1,1,1
"503",2,2,0,0.5,0,1,"上海市",0,2,1,1,1,1,1,1,1
"504",4,1,0,0,0,0,"上海市",0,2,1,0,1,0,1,0,1
"505",2,2,0,1,0,1,"上海市",1,3,1,1,1,0,0,1,1
"506",2,1,0,1,0,1,"上海市",1,6,0,0,1,0,0,0,1
"507",2,2,0,0.714285714,0,1,"上海市",1,6,1,1,1,1,0,1,1
"508",4,1,0,0.333333333,0,1,"上海市",1,2,1,1,1,1,0,0,1
"509",3,2,0,0,0,0,"上海市",0,7,1,1,1,1,0,1,1
"510",4,1,0,0,0,0,"上海市",0,2,1,1,1,1,1,0,1
"511",4,1,0,0,0,0,"上海市",1,2,1,0,1,1,1,0,1
"512",3,1,1,1,1,1,"上海市",0,6,0,1,1,0,1,0,1
"513",4,1,0,0,0,0,"上海市",1,5,5,0,1,1,1,0,1
"514",3,2,1,0.5,0.5,1,"上海市",1,7,1,1,1,1,0,1,1
"515",2,0,1,0.333333333,1,1,"上海市",1,3,1,1,1,1,0,0,0
"516",4,0,0,1,0,1,"上海市",0,1,1,0,1,0,1,0,0
"517",4,1,0,0,0,0,"上海市",1,2,1,0,1,1,1,1,0
"518",1,2,1,1,0.5,1,"上海市",0,7,0,0,1,0,0,1,1
"519",2,2,0,0.333333333,0,1,"上海市",1,6,0,1,0,1,0,1,1
"520",4,1,0,0,0,0,"上海市",1,2,1,1,1,1,0,0,1
"521",4,1,0,0,0,0,"上海市",0,2,4,1,1,1,0,0,1
"522",4,2,0,0,0,0,"上海市",0,3,1,1,1,1,0,1,1
"523",2,1,0,0,0,0,"上海市",1,6,0,0,1,1,0,0,1
"524",3,1,0,0.5,0,1,"上海市",1,6,1,1,1,1,0,0,1
"525",2,2,0,0,0,0,"上海市",0,6,1,1,1,0,0,1,1
"526",2,2,1,0.75,0.333333333,1,"上海市",0,6,1,1,1,1,0,1,1
"527",4,2,0,0,0,1,"上海市",1,3,1,0,1,1,0,1,1
"528",4,1,1,0.5,1,1,"上海市",1,4,4,1,1,1,0,0,1
"529",3,2,1,1,0.5,1,"上海市",0,3,1,1,1,0,1,1,1
"530",1,2,0,0,0,0,"上海市",1,6,0,1,0,1,0,1,1
"531",3,1,0,0,0,0,"上海市",0,3,1,0,1,1,1,0,1
"532",2,2,1,0.5,1,1,"上海市",1,3,1,1,1,1,0,1,1
"533",1,2,0,0.875,0,1,"上海市",0,4,0,0,1,1,0,1,1
"534",4,1,0,0,0,0,"上海市",0,3,4,1,1,0,0,1,0
"535",2,1,1,0.666666667,0.5,1,"上海市",1,5,1,1,1,1,0,0,1
"536",3,2,0,0.5,0,1,"上海市",0,6,0,1,0,1,1,1,1
"537",2,1,0,0.5,0,1,"上海市",1,3,1,0,1,1,1,0,1
"538",4,0,1,1,0.5,1,"上海市",0,6,1,1,1,0,0,0,0
"539",4,0,1,0.5,1,1,"上海市",0,2,1,1,1,1,1,0,0
"540",4,0,0,0,0,0,"上海市",0,2,1,1,1,1,0,0,0
"541",0,0,1,1,0.333333333,1,"上海市",0,7,1,0,0,0,0,0,0
"542",2,1,0,0,0,0,"上海市",0,3,1,1,1,1,0,0,1
"543",3,2,1,0.5,1,1,"上海市",1,6,0,1,1,1,1,1,1
"544",1,2,1,1,0.5,1,"上海市",0,6,0,1,1,0,1,1,1
"545",2,1,0,0.5,0,1,"上海市",1,6,0,0,1,1,0,0,1
"546",2,2,0,0.5,0,1,"上海市",1,5,0,0,0,1,1,1,1
"547",4,1,0,0.5,0,1,"上海市",0,6,0,0,1,1,0,0,1
"548",4,1,0,0,0,0,"上海市",0,3,1,1,0,1,0,0,1
"549",4,2,0,0.5,0,1,"上海市",0,3,1,0,1,1,1,1,1
"550",1,2,0,1,0,1,"上海市",1,5,0,0,1,0,0,1,1
"551",4,0,0,0,0,0,"上海市",1,3,1,1,1,0,0,0,0
"552",2,2,0,0,0,0,"上海市",1,5,0,1,0,0,1,1,1
"553",2,2,1,0.666666667,0.5,1,"上海市",1,6,0,1,1,1,1,1,1
"554",1,2,0,1,0,1,"上海市",1,6,0,0,1,0,0,1,1
"555",4,0,0,0,0,0,"上海市",1,2,1,0,1,0,1,0,0
"556",3,1,0,1,0,1,"上海市",0,2,1,0,1,0,1,0,1
"557",3,1,0,0.5,0,1,"上海市",1,6,1,0,1,1,0,0,1
"558",2,1,1,0.333333333,1,1,"上海市",1,5,1,0,1,1,0,0,1
"559",2,2,0,0.666666667,0,1,"上海市",1,6,0,1,1,1,1,1,1
"560",4,2,0,0,0,0,"上海市",0,2,1,0,1,1,0,1,1
"561",4,1,1,1,1,1,"上海市",1,6,0,0,1,0,0,0,1
"562",4,2,1,0.333333333,1,1,"上海市",1,4,1,0,1,1,1,1,1
"563",3,2,0,0.666666667,0,1,"上海市",1,6,5,1,1,1,1,1,1
"564",3,2,1,0.5,1,1,"上海市",0,6,1,1,1,1,0,1,1
"565",1,0,0,0,0,0,"上海市",1,6,0,0,0,0,0,0,0
"566",2,2,0,0.5,0,1,"上海市",0,5,0,1,0,1,0,1,1
"567",1,2,1,0.5,1,1,"上海市",1,6,1,1,0,1,0,1,1
"568",0,2,0,1,0,1,"上海市",1,3,1,1,1,0,0,1,1
"569",0,0,0,0,0,0,"上海市",0,5,1,1,0,1,0,0,0
"570",3,1,1,0.5,0.5,1,"上海市",1,6,1,1,1,1,0,0,1
"571",0,0,0,1,0,1,"上海市",1,2,1,1,1,0,0,0,0
"572",4,2,0,0,0,0,"上海市",0,1,1,0,1,0,1,1,1
"573",4,2,1,0.666666667,0.5,1,"上海市",0,3,1,1,1,1,0,1,1
"574",4,1,0,0,0,0,"上海市",1,5,1,0,1,1,1,0,1
"575",2,2,0,0,0,0,"上海市",1,7,0,0,1,0,0,1,1
"576",1,1,0,0,0,0,"上海市",0,5,0,0,1,0,0,0,1
"577",3,0,0,0.666666667,0,1,"上海市",0,3,1,0,1,1,1,0,0
"578",3,2,1,0.75,0.333333333,1,"上海市",1,5,1,0,1,1,0,1,1
"579",0,2,1,0.5,1,1,"上海市",1,6,0,0,0,1,0,1,1
"580",2,2,1,0.777777778,0.142857143,1,"上海市",0,6,1,0,0,1,0,1,1
"581",1,1,0,0.5,0,1,"上海市",0,4,1,1,1,0,0,0,1
"582",1,2,0,1,0,1,"上海市",0,6,0,1,1,0,1,1,1
"583",2,1,1,0.833333333,0.2,1,"上海市",0,4,4,1,1,1,1,1,0
"584",1,2,0,0,0,0,"上海市",0,2,1,0,1,0,1,1,1
"585",1,2,1,0.5,1,1,"上海市",0,6,1,1,1,1,1,1,1
"586",4,2,0,1,0,1,"上海市",0,6,0,0,1,0,0,1,1
"587",2,1,1,0.5,1,1,"上海市",0,5,1,1,0,1,0,0,1
"588",3,2,1,0.666666667,0.5,1,"上海市",1,8,1,1,0,1,0,1,1
"589",3,2,1,0.666666667,0.5,1,"上海市",0,3,1,1,1,1,0,1,1
"590",3,0,0,0,0,0,"上海市",1,2,1,1,1,1,0,0,0
"591",3,0,0,0.75,0,1,"上海市",0,3,1,0,1,1,1,0,0
"592",2,2,0,0,0,0,"上海市",0,2,1,1,1,0,0,1,1
"593",2,2,0,0.5,0,1,"上海市",0,6,1,1,1,1,1,1,1
"594",1,0,0,1,0,1,"上海市",0,6,0,0,1,0,0,0,0
"595",1,0,0,0,0,0,"上海市",1,4,1,0,0,1,0,0,0
"596",3,2,0,0.5,0,1,"上海市",0,3,1,1,1,1,0,1,1
"597",4,2,1,1,1,1,"上海市",0,8,1,1,1,0,0,1,1
"598",2,2,0,1,0,1,"上海市",0,3,0,0,1,0,0,1,1
"599",4,0,0,1,0,1,"上海市",1,3,1,0,1,0,0,0,0
"600",4,2,0,0,0,0,"上海市",0,2,1,0,1,0,0,1,1
"601",4,1,0,1,0,1,"上海市",0,5,1,0,1,0,0,0,1
"602",1,1,0,0.5,0,1,"上海市",1,6,1,1,0,1,0,0,1
"603",4,1,0,0,0,0,"上海市",0,4,1,1,1,1,0,0,1
"604",4,0,0,0,0,0,"上海市",1,1,1,0,1,0,1,0,0
"605",3,2,0,0.5,0,1,"上海市",1,3,1,1,1,1,0,1,1
"606",0,2,0,0,0,0,"上海市",0,5,4,0,1,1,1,1,1
"607",2,2,0,0,0,0,"上海市",1,6,0,0,0,0,0,1,1
"608",2,1,0,1,0,1,"上海市",0,3,1,1,1,0,0,1,0
"609",4,2,0,0,0,0,"上海市",1,0,1,0,1,1,1,1,1
"610",4,1,1,0.5,1,1,"上海市",0,5,1,1,1,1,1,0,1
"611",2,1,0,0,0,0,"上海市",1,5,1,1,1,0,0,0,1
"612",3,2,0,1,0,1,"上海市",0,5,1,0,1,0,0,1,1
"613",2,0,0,0,0,0,"上海市",1,2,1,0,1,1,1,0,0
"614",3,1,0,0,0,0,"上海市",1,5,0,0,1,0,0,1,0
"615",2,1,1,1,0.2,1,"上海市",0,6,0,1,1,0,1,0,1
"616",2,2,0,0.666666667,0,1,"上海市",0,8,1,1,1,1,0,1,1
"617",2,2,1,0.75,0.333333333,1,"上海市",0,2,1,0,1,1,1,1,1
"618",2,2,0,0,0,0,"上海市",0,5,1,0,1,0,0,1,1
"619",2,1,1,1,0.5,1,"上海市",0,6,0,1,1,0,1,0,1
"620",2,1,0,0,0,0,"上海市",0,5,1,1,1,1,0,0,1
"621",2,2,0,0,0,0,"上海市",1,6,0,0,1,0,1,1,1
"622",1,2,0,0.333333333,0,1,"上海市",0,6,1,0,0,1,1,1,1
"623",3,1,0,0,0,0,"上海市",0,2,1,0,1,1,1,0,1
"624",3,2,0,0,0,0,"上海市",0,6,0,0,1,1,1,1,1
"625",2,1,0,1,0,1,"上海市",1,6,0,1,1,0,1,0,1
"626",0,2,0,1,0,1,"上海市",0,6,0,0,0,0,1,1,1
"627",2,1,1,0.5,0.5,1,"上海市",1,5,1,1,0,1,0,0,1
"628",2,2,1,0.5,0.5,1,"上海市",1,5,1,0,0,1,1,1,1
"629",4,1,0,0,0,0,"上海市",1,1,5,1,1,0,1,0,1
"630",0,2,0,0,0,0,"上海市",0,7,1,0,1,1,1,1,1
"631",4,1,0,0,0,0,"上海市",0,4,5,0,1,1,1,0,1
"632",2,2,0,0.5,0,1,"上海市",1,6,0,1,0,1,1,1,1
"633",4,2,0,0,0,0,"上海市",1,1,1,0,1,1,1,1,1
"634",2,2,1,1,1,1,"上海市",0,6,1,1,1,0,0,1,1
"635",2,1,1,0.666666667,0.5,1,"上海市",0,3,1,1,1,1,0,0,1
"636",3,2,0,0.666666667,0,1,"上海市",0,6,1,0,0,1,0,1,1
"637",4,1,0,0,0,0,"上海市",1,6,1,1,1,0,0,1,0
"638",3,1,1,0.333333333,1,1,"上海市",1,2,1,0,1,1,1,0,1
"639",2,0,1,1,1,1,"上海市",0,5,1,0,0,0,0,0,0
"640",2,0,0,0,0,0,"上海市",1,2,1,0,1,1,1,0,0
"641",0,2,0,0.5,0,1,"上海市",0,4,0,0,1,1,1,1,1
"642",4,1,1,0.5,1,1,"上海市",1,3,1,1,1,1,0,0,1
"643",3,2,0,0,0,0,"上海市",1,5,1,0,1,0,1,1,1
"644",1,0,1,0.666666667,0.5,1,"上海市",0,7,0,0,0,1,0,0,0
"645",2,2,1,1,0.333333333,1,"上海市",0,7,1,1,1,0,0,1,1
"646",3,1,1,0.5,1,1,"上海市",1,3,1,0,1,1,1,1,0
"647",2,2,0,0.8,0,1,"上海市",1,6,3,0,1,1,0,1,1
"648",3,2,1,0.8,0.125,1,"上海市",1,6,0,1,0,1,1,1,1
"649",2,2,1,1,0.5,1,"上海市",0,6,1,0,0,0,0,1,1
"650",2,2,0,0.5,0,1,"上海市",1,6,0,0,0,1,1,1,1
"651",3,1,0,0.666666667,0,1,"上海市",1,1,1,0,1,1,1,0,1
"652",3,2,1,0.8,0.25,1,"上海市",1,6,0,1,0,1,1,1,1
"653",4,2,0,0,0,0,"上海市",0,3,1,0,1,1,1,1,1
"654",0,1,0,0,0,0,"上海市",1,3,0,0,1,0,0,0,1
"655",0,1,0,0.5,0,1,"上海市",0,3,0,0,1,1,0,0,1
"656",2,1,1,0.666666667,0.5,1,"上海市",1,5,1,1,1,1,0,0,1
"657",4,0,0,0,0,0,"上海市",1,1,1,0,1,1,1,0,0
"658",4,1,0,0,0,0,"上海市",1,3,1,0,1,0,0,1,0
"659",0,2,0,0,0,0,"上海市",1,6,1,0,0,1,0,1,1
"660",3,2,1,1,0.5,1,"上海市",1,6,0,0,1,0,0,1,1
"661",3,2,0,1,0,1,"上海市",0,6,0,0,1,0,0,1,1
"662",2,2,0,0.5,0,1,"上海市",1,6,0,1,1,1,1,1,1
"663",4,1,0,0,0,0,"上海市",1,6,0,1,1,0,1,1,0
"664",4,1,0,0,0,0,"上海市",1,6,0,1,0,0,0,0,1
"665",0,2,0,0.666666667,0,1,"上海市",1,7,0,0,1,1,1,1,1
"666",3,2,0,0.5,0,1,"上海市",1,6,0,1,0,1,1,1,1
"667",3,2,1,0.5,1,1,"上海市",0,6,1,1,0,1,0,1,1
"668",1,2,1,0.666666667,0.5,1,"上海市",1,6,0,1,1,1,0,1,1
"669",2,1,0,0.5,0,1,"上海市",1,3,1,0,1,1,0,0,1
"670",2,1,0,0,0,0,"上海市",1,6,0,1,0,1,1,1,0
"671",4,2,0,0,0,0,"上海市",1,5,4,0,1,0,0,1,1
"672",4,2,1,0.666666667,0.25,1,"上海市",1,6,1,1,0,1,1,1,1
"673",2,2,1,1,0.333333333,1,"上海市",1,2,1,0,1,0,0,1,1
"674",3,2,1,0.5,1,1,"上海市",0,7,1,1,0,1,0,1,1
"675",3,2,1,0.5,0.5,1,"上海市",0,8,1,1,1,1,0,1,1
"676",4,0,0,0,0,0,"上海市",0,5,0,0,1,0,0,0,0
"677",3,2,0,0,0,0,"上海市",0,6,0,1,1,0,0,1,1
"678",4,2,0,0.333333333,0,1,"上海市",0,2,1,0,1,1,1,1,1
"679",4,2,0,0,0,0,"上海市",1,2,1,0,1,1,1,1,1
"680",4,0,0,0,0,0,"上海市",1,2,1,0,1,1,1,0,0
"681",0,2,1,0.5,0.5,1,"上海市",0,6,0,1,0,1,1,1,1
"682",4,2,0,0,0,0,"上海市",1,1,1,0,1,0,1,1,1
"683",2,1,0,0.5,0,1,"上海市",0,6,0,0,0,0,0,0,1
"684",4,1,0,0,0,0,"上海市",0,6,0,1,0,0,1,0,1
"685",1,2,0,0.666666667,0,1,"上海市",0,6,0,1,0,1,1,1,1
"686",1,1,0,0.5,0,1,"上海市",1,6,1,1,1,1,0,0,1
"687",3,2,0,0.333333333,0,1,"上海市",1,6,1,0,1,1,1,1,1
"688",2,2,1,0.666666667,0.25,1,"上海市",0,5,1,0,1,1,1,1,1
"689",3,2,0,0,0,0,"上海市",1,6,0,1,0,0,1,1,1
"690",3,2,0,0.5,0,1,"上海市",0,2,1,1,1,1,0,1,1
"691",1,2,0,0,0,0,"上海市",1,7,0,1,0,0,1,1,1
"692",2,0,0,0,0,0,"上海市",1,5,0,0,1,0,0,0,0
"693",2,0,0,0,0,0,"上海市",1,5,1,0,1,0,0,0,0
"694",2,2,1,0.75,0.333333333,1,"上海市",1,4,1,0,1,1,0,1,1
"695",4,0,0,0,0,0,"上海市",1,2,1,1,1,1,0,0,0
"696",3,2,0,0,0,0,"上海市",1,6,1,1,1,1,0,1,1
"697",0,2,1,1,0.5,1,"上海市",1,5,1,0,0,0,0,1,1
"698",4,0,0,0,0,0,"上海市",1,2,1,0,1,0,1,0,0
"699",2,2,1,0.5,1,1,"上海市",1,5,1,0,0,0,1,1,1
"700",4,1,0,1,0,1,"上海市",1,3,1,0,1,0,1,0,1
"701",4,1,0,0,0,0,"上海市",0,1,1,0,1,0,0,1,0
"702",2,2,1,0.8,0.25,1,"上海市",0,7,1,0,0,0,0,1,1
"703",1,2,1,0.8,0.25,1,"上海市",1,6,1,0,0,0,0,1,1
"704",2,2,0,0.5,0,1,"上海市",0,6,1,0,1,0,1,1,1
"705",1,1,0,0,0,0,"上海市",1,7,1,0,1,0,0,0,1
"706",4,1,0,1,0,1,"上海市",0,6,0,1,0,0,0,1,0
"707",4,0,0,0,0,0,"上海市",0,2,3,0,0,0,0,0,0
"708",3,1,1,1,0.5,1,"上海市",1,5,1,0,1,0,0,1,0
"709",1,2,0,0.5,0,1,"上海市",1,6,1,0,1,1,0,1,1
"710",2,1,0,0,0,0,"上海市",0,3,0,0,1,0,0,1,0
"711",4,2,0,0,0,0,"上海市",1,2,1,0,1,0,1,1,1
"712",2,1,0,0,0,0,"上海市",1,2,1,0,1,0,1,0,1
"713",2,2,0,0.333333333,0,1,"上海市",0,6,1,0,0,1,1,1,1
"714",2,2,1,0.666666667,0.5,1,"上海市",0,6,1,0,0,0,0,1,1
"715",4,1,0,0,0,0,"上海市",1,6,1,0,0,0,1,0,1
"716",2,0,0,1,0,1,"上海市",1,6,1,0,1,0,1,0,0
"717",4,0,0,0,0,0,"上海市",1,4,1,0,0,0,1,0,0
"718",2,2,1,1,0.5,1,"上海市",0,6,0,0,1,0,0,1,1
"719",3,2,0,0.75,0,1,"上海市",1,5,1,0,1,0,1,1,1
"720",4,0,1,1,0.5,1,"上海市",1,3,1,0,1,0,1,0,0
"721",2,2,1,0.5,1,1,"上海市",0,6,0,0,1,1,0,1,1
"722",3,1,0,0,0,1,"上海市",1,4,2,0,1,1,1,0,1
"723",2,2,1,0.5,1,1,"上海市",0,5,1,0,0,0,1,1,1
"724",3,2,0,0,0,1,"上海市",0,6,1,0,1,0,0,1,1
"725",4,2,0,0,0,0,"上海市",1,2,5,0,1,0,1,1,1
"726",3,0,0,0,0,1,"上海市",0,1,1,0,1,0,1,0,0
"727",3,1,1,0.5,1,1,"上海市",1,2,1,0,1,0,0,0,1
"728",4,1,1,1,1,1,"上海市",0,6,1,0,0,0,1,0,1
"729",3,1,0,0,0,0,"上海市",1,5,1,0,1,0,1,0,1
"730",0,2,1,0.666666667,0.5,1,"上海市",0,5,1,0,1,1,1,1,1
"731",4,0,0,0,0,0,"上海市",1,5,5,0,1,1,1,0,0
"732",4,0,0,0,0,0,"上海市",1,2,1,0,1,0,1,0,0
"733",4,1,0,0,0,0,"上海市",1,2,1,0,1,1,1,1,0
"734",3,0,0,0,0,0,"上海市",1,3,1,0,1,0,0,0,0
"735",4,2,1,1,1,1,"上海市",1,6,1,0,0,0,0,1,1
"736",3,0,0,0.666666667,0,1,"上海市",1,3,1,0,1,0,0,0,0
"737",2,2,0,0,0,0,"上海市",0,4,1,0,1,0,1,1,1
"738",5,2,1,0.5,1,1,"上海市",0,6,1,0,1,1,1,1,1
"739",5,2,0,0,0,0,"上海市",1,6,5,0,1,0,1,1,1
"740",2,2,0,1,0,1,"上海市",1,6,1,0,1,0,0,1,1
"741",4,0,0,0,0,0,"上海市",0,2,1,0,1,0,1,0,0
"742",4,0,0,1,0,1,"上海市",0,6,1,0,1,0,0,0,0
"743",3,2,0,0,0,0,"上海市",0,6,1,0,1,0,0,1,1
"744",3,2,1,0.666666667,0.5,1,"上海市",1,2,1,0,1,0,1,1,1
"745",3,1,0,0,0,0,"上海市",1,5,1,0,0,1,0,0,1
"746",4,1,1,0.5,1,1,"上海市",1,2,1,0,1,1,1,0,1
"747",2,1,0,1,0,1,"上海市",1,6,0,0,1,0,0,0,1
"748",0,2,1,0.333333333,1,1,"上海市",1,3,4,0,1,1,0,1,1
"749",4,0,0,0,0,0,"上海市",1,2,1,0,1,1,1,0,0
"750",4,2,1,1,1,1,"上海市",1,5,1,0,1,0,0,1,1
"751",2,1,0,0,0,0,"上海市",1,5,1,0,1,1,0,0,1
"752",4,2,0,0,0,0,"上海市",0,6,1,0,1,1,0,1,1
"753",2,2,1,0.666666667,0.5,1,"上海市",0,3,1,0,1,1,1,1,1
"754",3,0,0,0,0,0,"上海市",1,4,1,0,1,0,1,0,0
"755",4,1,0,0,0,0,"上海市",1,2,1,0,1,0,1,0,1
"756",4,0,0,0,0,0,"上海市",0,2,1,0,1,0,1,0,0
"757",4,0,0,0,0,0,"上海市",1,2,1,0,1,0,1,0,0
"758",4,0,0,0,0,0,"上海市",0,2,1,0,1,0,1,0,0
"759",3,2,1,0.5,1,1,"上海市",0,2,1,0,1,0,1,1,1
"760",2,0,0,0,0,0,"上海市",1,3,1,0,1,0,1,0,0
"761",2,2,1,0.75,0.333333333,1,"上海市",0,3,0,0,1,0,0,1,1
"762",4,0,0,0,0,0,"上海市",1,3,1,0,1,0,0,0,0
"763",4,0,0,0,0,0,"上海市",1,2,1,0,1,0,1,0,0
"764",3,1,0,0,0,0,"上海市",1,3,1,0,1,0,1,0,1
"765",4,1,0,0,0,0,"上海市",1,2,1,0,1,0,1,1,0
"766",4,2,0,0,0,0,"上海市",1,3,5,0,1,0,1,1,1
"767",4,1,1,1,1,1,"上海市",1,2,5,0,1,0,1,1,0
"768",4,2,0,0,0,0,"上海市",1,2,1,0,1,0,1,1,1
"769",1,1,1,0.6,0.333333333,1,"上海市",1,5,1,0,0,1,0,0,1
"770",4,2,0,0.5,0,1,"上海市",1,2,5,0,1,1,1,1,1
"771",4,0,0,0,0,1,"上海市",1,5,1,0,0,0,1,0,0
"772",3,2,0,0,0,1,"上海市",0,6,1,0,1,0,1,1,1
"773",2,0,1,1,1,1,"上海市",1,2,1,0,1,0,1,0,0
"774",3,2,1,1,0.5,1,"上海市",1,5,1,0,1,0,1,1,1
"775",2,2,0,0.5,0,1,"上海市",1,3,1,0,1,0,0,1,1
"776",2,2,1,0.6,0.333333333,1,"上海市",1,3,1,0,1,1,1,1,1
"777",3,0,0,0.5,0,1,"上海市",1,3,1,0,0,1,1,0,0
"778",4,0,0,0,0,1,"上海市",1,2,5,0,1,0,1,0,0
"779",4,1,0,0.5,0,1,"上海市",1,3,1,0,1,1,1,0,1
"780",3,2,0,0,0,0,"上海市",1,6,0,1,1,0,0,1,1
"781",3,0,1,0.5,1,1,"上海市",1,2,1,0,1,0,1,0,0
"782",2,2,1,0.5,1,1,"上海市",0,4,1,0,1,0,1,1,1
"783",4,0,1,1,1,1,"上海市",1,2,4,0,1,0,1,0,0
"784",4,0,0,0,0,0,"上海市",1,2,1,0,1,0,1,0,0
"785",3,2,0,0.666666667,0,1,"上海市",0,6,4,0,1,0,0,1,1
"786",3,2,0,0,0,0,"上海市",0,3,1,0,1,1,0,1,1
"787",4,1,0,0,0,0,"上海市",1,5,1,0,0,0,1,0,1
"788",3,2,1,0.666666667,0.5,1,"上海市",1,3,1,0,1,0,1,1,1
"789",2,1,0,0,0,0,"上海市",0,6,1,0,0,0,0,0,1
"790",4,1,0,0,0,0,"上海市",1,1,1,0,1,0,1,0,1
"791",4,2,1,0.5,1,1,"上海市",1,3,1,0,1,0,1,1,1
"792",3,2,1,0.5,1,1,"上海市",1,2,1,0,1,0,1,1,1
"793",3,1,0,0,0,0,"上海市",0,4,1,0,1,0,1,0,1
"794",4,2,0,0,0,0,"上海市",0,3,1,0,1,0,1,1,1
"795",3,2,1,1,1,1,"上海市",0,4,1,0,1,0,1,1,1
"796",2,2,0,0.5,0,1,"上海市",1,7,1,0,1,0,0,1,1
"797",2,2,0,0,0,1,"上海市",0,2,1,0,1,0,1,1,1
"798",2,1,1,1,1,1,"上海市",1,6,1,0,0,0,0,0,1
"799",3,0,1,0.5,1,1,"上海市",1,3,1,0,1,1,1,0,0
"800",3,1,0,0,0,1,"上海市",0,2,5,0,1,0,1,0,1
"801",4,1,1,1,1,1,"上海市",0,3,0,0,1,0,0,0,1
"802",4,0,0,0,0,0,"上海市",1,3,1,0,1,0,1,0,0
"803",3,2,0,0,0,0,"上海市",1,2,1,0,1,0,0,1,1
"804",2,2,0,0.666666667,0,1,"上海市",1,3,1,0,1,0,1,1,1
"805",4,2,0,1,0,1,"上海市",1,6,1,0,1,0,0,1,1
"806",2,1,0,1,0,1,"上海市",1,4,1,0,1,0,0,0,1
"807",4,1,0,0,0,0,"上海市",0,4,1,0,1,0,1,0,1
"808",5,0,0,0,0,0,"上海市",0,2,1,0,1,1,1,0,0
"809",3,1,0,0,0,0,"上海市",1,2,1,0,1,0,1,0,1
"810",4,0,0,1,0,1,"上海市",1,2,1,0,1,0,1,0,0
"811",3,0,1,1,0.5,1,"上海市",0,3,4,0,1,0,1,0,0
"812",3,1,0,0,0,0,"上海市",1,6,1,0,1,0,0,0,1
"813",3,1,1,0.666666667,0.5,1,"上海市",0,4,1,0,1,0,1,0,1
"814",4,1,0,0,0,0,"上海市",1,3,1,0,1,0,1,0,1
"815",4,0,0,0,0,0,"上海市",1,2,1,0,1,0,1,0,0
"816",2,1,1,0.5,0.5,1,"上海市",1,5,1,0,1,1,0,0,1
"817",4,2,1,0.333333333,1,1,"上海市",1,2,1,0,1,1,1,1,1
"818",2,2,1,0.666666667,0.5,1,"上海市",0,5,1,0,0,0,1,1,1
"819",4,1,0,0,0,0,"上海市",1,1,1,0,1,0,1,0,1
"820",3,1,0,0,0,1,"上海市",1,6,5,0,1,0,1,0,1
"821",4,1,0,0,0,0,"上海市",1,1,1,0,1,0,1,0,1
"822",2,2,0,0.5,0,1,"上海市",0,6,1,0,1,0,0,1,1
"823",3,1,0,0.333333333,0,1,"上海市",1,5,1,0,1,1,0,0,1
"824",3,2,1,0.666666667,0.5,1,"上海市",0,2,1,0,1,0,1,1,1
"825",5,1,0,0,0,0,"上海市",0,3,1,0,1,0,1,0,1
"826",1,1,1,0.5,1,1,"上海市",0,5,1,0,1,1,0,0,1
"827",4,1,0,0,0,0,"上海市",1,2,1,0,1,0,1,0,1
"828",0,1,0,0,0,0,"上海市",1,3,1,0,1,0,1,0,1
"829",3,1,1,1,0.5,1,"上海市",1,3,1,0,1,0,1,0,1
"830",4,0,0,0,0,0,"上海市",1,2,5,0,1,0,1,0,0
"831",3,1,0,0,0,0,"上海市",1,3,1,0,1,0,1,0,1
"832",4,1,0,0,0,1,"上海市",0,3,5,0,0,0,1,0,1
"833",5,0,0,0,0,0,"上海市",1,3,1,0,1,0,1,0,0
"834",3,1,1,1,0.5,1,"上海市",0,6,5,0,1,0,1,1,0
"835",4,0,1,1,1,1,"上海市",1,2,1,0,1,0,1,0,0
"836",3,2,1,1,0.5,1,"上海市",1,2,1,0,1,0,1,1,1
"837",5,0,1,1,1,1,"上海市",1,2,1,0,1,0,1,0,0
"838",4,2,1,0.5,1,1,"上海市",1,5,1,0,0,0,1,1,1
"839",3,1,0,0,0,0,"上海市",0,2,1,0,1,0,0,1,0
"840",3,2,1,0.666666667,0.5,1,"上海市",0,5,1,0,1,0,1,1,1
"841",2,1,1,1,0.333333333,1,"上海市",0,7,1,0,1,0,0,0,1
"842",2,2,0,0.5,0,1,"上海市",1,5,1,0,0,1,0,1,1
"843",3,2,0,0,0,0,"上海市",1,5,1,0,1,1,1,1,1
"844",3,1,1,1,1,1,"上海市",1,4,1,0,1,0,0,0,1
"845",4,2,0,0.5,0,1,"上海市",1,3,4,0,1,0,1,1,1
"846",2,2,0,0,0,0,"上海市",0,6,1,0,1,0,1,1,1
"847",4,0,0,0,0,0,"上海市",1,4,1,0,1,0,1,0,0
"848",3,2,0,0,0,0,"上海市",0,5,0,0,1,1,0,1,1
"849",4,2,0,0,0,1,"上海市",1,6,1,0,0,0,0,1,1
"850",3,2,0,0,0,1,"上海市",1,3,1,0,1,1,1,1,1
"851",4,1,0,0,0,0,"上海市",1,6,1,0,1,0,1,0,1
"852",4,2,0,0,0,0,"上海市",0,5,1,0,0,0,1,1,1
"853",4,1,0,0,0,1,"上海市",1,3,1,0,0,1,1,0,1
"854",3,1,1,0.5,1,1,"上海市",1,5,1,0,1,1,0,0,1
"855",3,2,0,0,0,0,"上海市",1,5,1,0,0,0,1,1,1
"856",3,2,0,0,0,0,"上海市",0,4,1,0,1,1,1,1,1
"857",4,2,1,1,1,1,"上海市",0,5,1,0,0,0,1,1,1
"858",2,1,0,0.666666667,0,1,"上海市",0,5,1,0,0,0,1,0,1
"859",2,2,1,1,1,1,"上海市",1,3,1,0,1,0,1,1,1
"860",3,1,1,1,0.25,1,"上海市",0,5,1,0,1,0,0,0,1
"861",2,1,0,0,0,1,"上海市",1,2,1,0,1,0,1,0,1
"862",3,2,1,0.5,1,1,"上海市",0,7,1,0,1,0,1,1,1
"863",2,0,1,1,1,1,"上海市",0,5,1,0,1,0,1,0,0
"864",4,1,1,1,1,1,"上海市",0,3,1,0,1,0,1,0,1
"865",4,1,0,0,0,0,"上海市",1,2,1,0,1,0,1,0,1
"866",3,2,0,0,0,0,"上海市",0,2,5,0,1,0,1,1,1
"867",4,1,1,1,1,1,"上海市",1,3,5,0,0,0,1,0,1
"868",2,2,1,1,1,1,"上海市",0,2,1,0,1,0,1,1,1
"869",3,0,0,0,0,0,"上海市",1,3,1,0,1,0,1,0,0
"870",3,0,1,0.5,1,1,"上海市",0,3,1,0,1,0,1,0,0
"871",4,2,0,0,0,0,"上海市",0,2,1,0,1,0,1,1,1
"872",4,0,0,1,0,1,"上海市",1,4,4,0,1,0,0,0,0
"873",3,1,1,0.5,1,1,"上海市",1,4,1,0,1,1,1,0,1
"874",4,0,1,0.333333333,1,1,"上海市",0,2,0,0,1,1,1,0,0
"875",1,0,1,0.333333333,1,1,"上海市",0,6,1,0,1,1,0,0,0
"876",1,2,1,1,1,1,"上海市",0,6,1,0,1,0,0,1,1
"877",5,1,0,0,0,0,"上海市",0,6,1,0,1,1,1,0,1
"878",4,0,0,0,0,0,"上海市",0,6,0,0,1,0,1,0,0
"879",3,1,0,0,0,1,"上海市",0,5,1,0,1,0,0,0,1
"880",4,0,0,0,0,0,"上海市",1,2,1,0,1,0,1,0,0
"881",4,2,1,1,1,1,"上海市",1,5,1,0,0,0,0,1,1
"882",4,1,1,1,1,1,"上海市",1,4,1,0,1,0,1,0,1
"883",4,0,0,0,0,0,"上海市",0,2,1,0,1,0,1,0,0
"884",4,0,0,0,0,1,"上海市",0,2,1,0,1,0,1,0,0
"885",4,2,0,0,0,0,"上海市",0,3,1,0,1,0,1,1,1
"886",2,1,0,0.5,0,1,"上海市",1,5,1,0,1,1,0,1,0
"887",4,1,1,0.5,0.5,1,"上海市",0,3,1,0,1,1,0,0,1
"888",4,1,1,0.333333333,1,1,"上海市",1,3,1,0,1,1,1,0,1
"889",3,1,0,0,0,0,"上海市",1,3,1,0,1,1,0,0,1
"890",2,2,1,0.333333333,1,1,"上海市",1,3,1,0,1,1,1,1,1
"891",5,1,0,0,0,0,"上海市",1,3,4,0,1,0,1,0,1
"892",4,1,0,0,0,0,"上海市",0,2,1,0,1,1,0,0,1
"893",4,1,0,0,0,0,"上海市",1,3,1,0,1,0,1,1,0
"894",4,1,0,0,0,0,"上海市",0,2,1,0,1,1,0,0,1
"895",4,0,0,0,0,0,"上海市",1,2,5,0,1,1,1,0,0
"896",2,0,0,1,0,1,"上海市",1,6,1,0,1,0,0,0,0
"897",4,0,0,0,0,0,"上海市",1,3,1,0,1,0,0,0,0
"898",4,0,0,0,0,0,"上海市",1,6,1,0,1,0,0,0,0
"899",4,0,0,0,0,0,"上海市",0,2,1,0,1,0,1,0,0
"900",5,1,0,0,0,0,"上海市",1,2,1,0,1,1,1,0,1
"901",3,1,1,0.5,1,1,"上海市",0,2,1,0,1,0,1,0,1
"902",4,2,1,0.5,1,1,"上海市",0,5,0,0,0,1,0,1,1
"903",1,2,1,0.5,0.5,1,"上海市",1,6,1,0,1,1,0,1,1
"904",3,1,0,0,0,0,"上海市",0,2,1,0,1,0,1,0,1
"905",3,0,1,0.5,1,1,"上海市",1,5,1,0,1,0,1,0,0
"906",4,1,0,0,0,0,"上海市",1,4,1,0,1,1,1,0,1
"907",4,0,0,0,0,0,"上海市",1,3,5,0,1,0,1,0,0
"908",2,0,1,0.333333333,1,1,"上海市",1,5,0,0,1,1,0,0,0
"909",4,1,0,0,0,0,"上海市",0,6,1,0,1,0,0,0,1
"910",5,0,0,0,0,1,"上海市",1,1,1,0,1,1,0,0,0
"911",4,0,0,0,0,0,"上海市",0,2,1,0,1,0,1,0,0
"912",3,1,1,0.666666667,0.5,1,"上海市",0,2,4,0,1,1,0,0,1
"913",2,2,0,0,0,1,"上海市",1,5,1,0,1,1,0,1,1
"914",4,0,0,0,0,0,"上海市",0,2,1,0,1,0,1,0,0
"915",1,2,0,0.5,0,1,"上海市",0,8,1,0,1,1,0,1,1
"916",3,1,0,1,0,1,"上海市",0,6,1,0,1,0,0,0,1
"917",3,0,0,0,0,0,"上海市",1,5,1,0,1,0,0,0,0
"918",4,2,0,0.5,0,1,"上海市",0,6,1,0,1,1,0,1,1
"919",4,2,0,0,0,0,"上海市",0,6,1,0,1,1,0,1,1
"920",4,2,0,0,0,0,"上海市",1,5,4,0,0,0,0,1,1
"921",4,0,0,0,0,0,"上海市",1,6,1,0,1,1,0,0,0
"922",4,1,0,0,0,0,"上海市",0,4,1,0,1,0,0,0,1
"923",3,0,0,0,0,0,"上海市",0,2,5,0,1,0,1,0,0
"924",1,2,0,1,0,1,"上海市",1,5,0,0,1,0,0,1,1
"925",1,2,0,0,0,0,"上海市",0,6,0,0,0,0,0,1,1
"926",4,0,0,0,0,0,"上海市",1,4,1,0,1,0,1,0,0
"927",5,0,0,0,0,0,"上海市",1,2,1,0,1,0,1,0,0
"928",3,2,1,0.5,1,1,"上海市",0,4,1,0,1,0,0,1,1
"929",2,1,0,0.5,0,1,"上海市",1,5,1,0,0,0,1,0,1
"930",2,0,0,0,0,0,"上海市",0,3,1,0,1,0,0,0,0
"931",4,2,0,0,0,0,"上海市",0,5,1,0,1,1,1,1,1
"932",4,1,0,0,0,0,"上海市",1,1,5,0,1,0,1,1,0
"933",4,0,0,0,0,0,"上海市",1,3,1,0,1,0,1,0,0
"934",2,0,0,0,0,0,"上海市",0,6,1,0,1,0,0,0,0
"935",3,2,1,0.5,1,1,"上海市",0,5,1,0,1,0,1,1,1
"936",4,1,0,0,0,0,"上海市",1,1,4,0,1,0,1,1,0
"937",3,2,1,1,0.5,1,"上海市",0,6,1,0,1,0,0,1,1
"938",4,0,1,0.333333333,1,1,"上海市",0,2,2,0,1,1,1,0,0
"939",4,2,0,0,0,0,"上海市",0,3,1,0,1,0,1,1,1
"940",5,0,0,0,0,0,"上海市",1,3,1,0,1,0,1,0,0
"941",5,0,0,0,0,0,"上海市",0,3,3,0,1,0,1,0,0
"942",4,1,0,0,0,0,"上海市",1,3,1,0,1,1,1,0,1
"943",4,1,0,0,0,0,"上海市",0,2,1,0,1,0,0,0,1
"944",4,0,0,0,0,0,"上海市",1,2,1,0,1,0,0,0,0
"945",3,1,0,0,0,0,"上海市",1,1,1,0,1,0,1,1,0
"946",2,1,0,0,0,0,"上海市",0,5,1,0,0,1,0,0,1
"947",4,0,0,0,0,0,"上海市",0,2,1,0,1,0,1,0,0
"948",4,1,0,0,0,0,"上海市",1,2,1,0,1,0,1,1,0
"949",2,1,0,0,0,0,"上海市",0,2,1,0,1,0,0,0,1
"950",4,0,0,0,0,1,"上海市",1,2,1,0,1,0,1,0,0
"951",4,2,0,0,0,0,"上海市",0,5,5,0,1,0,1,1,1
"952",4,1,0,0,0,0,"上海市",1,0,5,0,1,0,1,1,0
"953",4,1,0,0,0,0,"上海市",0,2,1,0,1,0,1,1,0
"954",5,0,1,0.333333333,1,1,"上海市",1,2,1,0,1,1,0,0,0
"955",2,2,0,0,0,1,"上海市",1,5,1,0,1,0,0,1,1
"956",3,2,0,0,0,1,"上海市",1,6,0,0,0,0,0,1,1
"957",0,1,0,0.5,0,1,"上海市",0,2,1,0,1,1,1,0,1
"958",4,1,0,0,0,0,"上海市",0,2,1,0,1,1,0,1,0
"959",1,1,0,0,0,0,"上海市",1,2,1,0,1,1,1,0,1
"960",4,1,0,0,0,0,"上海市",0,5,4,0,0,0,1,0,1
"961",2,2,0,0,0,0,"上海市",0,2,4,0,1,0,1,1,1
"962",4,1,0,0,0,0,"上海市",1,3,1,0,1,0,0,1,0
"963",2,2,1,1,1,1,"上海市",0,3,1,0,1,0,0,1,1
"964",3,2,1,1,0.5,1,"上海市",1,2,1,0,1,0,0,1,1
"965",4,2,0,0,0,1,"上海市",1,2,1,0,1,0,0,1,1
"966",2,1,1,0.333333333,1,1,"上海市",0,5,4,0,0,1,0,0,1
"967",5,0,0,0,0,0,"上海市",1,3,5,0,1,0,1,0,0
"968",2,1,0,0,0,1,"上海市",0,2,1,0,1,0,1,0,1
"969",3,2,0,0.5,0,1,"上海市",0,4,1,0,1,0,0,1,1
"970",5,1,0,0,0,0,"上海市",1,2,1,0,1,0,1,0,1
"971",4,1,0,0.5,0,1,"上海市",1,5,0,0,0,0,0,1,0
"972",3,1,0,1,0,1,"上海市",0,6,1,0,1,0,0,0,1
"973",2,2,1,1,0.5,1,"上海市",0,5,1,0,1,0,0,1,1
"974",4,2,0,0,0,0,"上海市",0,7,0,0,1,0,0,1,1
"975",2,2,1,1,0.5,1,"上海市",1,6,0,0,0,0,0,1,1
"976",4,1,0,0,0,0,"上海市",0,2,1,0,1,0,0,0,1
"977",1,2,1,0.5,1,1,"上海市",1,5,0,0,0,0,0,1,1
"978",2,2,0,1,0,1,"上海市",0,6,1,0,1,0,0,1,1
"979",4,1,0,0,0,0,"上海市",0,3,1,0,1,0,0,0,1
"980",2,2,0,0.5,0,1,"上海市",0,6,2,0,0,0,0,1,1
"981",1,2,0,1,0,1,"上海市",0,5,1,0,1,0,0,1,1
"982",2,2,0,0.666666667,0,1,"上海市",1,6,1,0,1,0,0,1,1
"983",2,2,0,0.5,0,1,"上海市",0,6,1,0,1,0,0,1,1
"984",2,1,0,1,0,1,"上海市",1,5,1,0,1,0,0,0,1
"985",2,2,0,0,0,0,"上海市",1,0,1,0,0,0,0,1,1
"986",3,1,0,1,0,1,"上海市",1,3,0,0,1,0,0,1,0
"987",4,0,0,0,0,0,"上海市",0,2,1,0,1,0,0,0,0
"988",2,1,0,0,0,0,"上海市",0,2,1,0,1,0,0,0,1
"989",2,0,0,0,0,0,"上海市",1,6,1,0,1,0,1,0,0
"990",2,1,0,1,0,1,"上海市",1,3,1,0,1,0,1,0,1
"991",2,1,0,0,0,1,"上海市",1,2,1,0,1,0,1,0,1
"992",3,0,0,0,0,0,"上海市",0,4,1,0,1,0,0,0,0
"993",3,1,0,0,0,0,"上海市",0,2,1,0,1,1,0,0,1
"994",4,1,1,0.5,1,1,"上海市",0,2,1,0,1,1,1,0,1
"995",3,0,0,0,0,0,"上海市",1,2,1,0,1,0,1,0,0
"996",2,2,0,0,0,0,"上海市",0,3,1,0,1,0,0,1,1
"997",2,1,0,0,0,0,"上海市",1,1,1,0,1,0,1,0,1
"998",2,2,0,1,0,1,"上海市",0,4,1,0,1,0,0,1,1
"999",1,2,0,0,0,0,"上海市",0,5,0,1,1,0,0,1,1
"1000",4,0,0,0,0,0,"上海市",1,2,1,0,1,1,1,0,0
"1001",2,2,0,0,0,0,"上海市",0,2,1,0,1,1,0,1,1
"1002",2,2,0,0,0,0,"上海市",1,6,1,0,1,1,0,1,1
"1003",3,2,0,0.333333333,0,1,"上海市",1,4,1,0,1,1,1,1,1
"1004",3,2,0,0.5,0,1,"上海市",1,6,1,0,0,0,0,1,1
"1005",2,2,1,0.5,0.5,1,"上海市",0,6,1,0,1,1,0,1,1
"1006",1,1,1,0.666666667,0.5,1,"上海市",1,5,1,0,1,0,0,0,1
"1007",3,0,0,0,0,0,"上海市",1,5,1,0,1,0,0,0,0
"1008",4,1,1,0.5,1,1,"上海市",1,2,1,0,1,0,1,0,1
"1009",3,2,0,0,0,0,"上海市",1,5,1,0,1,0,0,1,1
"1010",2,0,0,0,0,0,"上海市",0,6,1,0,1,0,0,0,0
"1011",2,1,1,0.666666667,0.5,1,"上海市",0,3,1,0,1,0,0,0,1
"1012",2,2,0,0.5,0,1,"上海市",0,6,0,0,1,0,0,1,1
"1013",2,1,1,0.333333333,1,1,"上海市",1,3,0,0,1,1,1,0,1
"1014",4,2,1,0.666666667,0.5,1,"上海市",0,4,1,0,1,0,0,1,1
"1015",3,2,0,0,0,0,"上海市",1,5,1,0,1,1,0,1,1
"1016",1,1,1,0.5,0.5,1,"上海市",0,6,1,0,1,1,0,1,0
"1017",2,1,0,0,0,0,"上海市",1,6,1,0,1,1,0,0,1
"1018",4,0,0,0,0,0,"上海市",1,5,1,0,1,1,1,0,0
"1019",3,1,0,0,0,0,"上海市",0,2,1,0,1,0,1,1,0
"1020",4,0,0,0,0,0,"上海市",1,2,1,0,1,1,0,0,0
"1021",4,0,0,0,0,0,"上海市",0,2,1,0,1,0,0,0,0
"1022",4,1,0,0,0,0,"上海市",0,0,1,0,1,0,1,1,0
"1023",4,2,0,0,0,0,"上海市",0,2,1,0,1,0,0,1,1
"1024",4,2,0,0,0,0,"上海市",0,2,1,0,1,0,0,1,1
"1025",4,1,0,0,0,0,"上海市",1,2,1,0,1,0,0,0,1
"1026",4,2,0,0,0,0,"上海市",1,2,1,0,1,0,1,1,1
"1027",2,2,1,0.75,0.333333333,1,"上海市",0,5,1,0,1,0,0,1,1
"1028",5,0,0,0,0,0,"上海市",1,2,1,0,1,0,0,0,0
"1029",3,0,0,0,0,0,"上海市",1,2,1,0,1,1,0,0,0
"1030",2,0,0,0,0,0,"上海市",0,2,1,0,1,0,0,0,0
"1031",4,0,0,0,0,0,"上海市",1,1,1,0,1,0,0,0,0
"1032",4,0,0,0,0,0,"上海市",1,1,1,0,1,0,1,0,0
"1033",4,0,0,0,0,0,"上海市",1,2,1,0,1,0,1,0,0
"1034",4,2,0,1,0,1,"上海市",0,4,1,0,1,0,0,1,1
"1035",3,2,0,0.5,0,1,"上海市",0,2,1,0,1,1,0,1,1
"1036",4,2,1,0.5,1,1,"江苏省",0,3,1,0,1,0,1,1,1
"1037",4,1,0,0,0,0,"江苏省",1,1,5,0,1,0,1,0,1
"1038",1,2,0,0,0,0,"江苏省",0,7,1,1,0,1,0,1,1
"1039",0,1,1,0.5,1,1,"江苏省",1,3,1,0,1,0,1,0,1
"1040",1,1,1,1,0.5,1,"江苏省",0,6,1,0,0,0,0,0,1
"1041",5,1,0,0,0,0,"江苏省",0,6,1,0,1,0,1,1,0
"1042",2,1,1,1,1,1,"江苏省",1,6,1,0,1,0,0,0,1
"1043",2,2,0,0.5,0,1,"江苏省",1,4,4,0,1,0,1,1,1
"1044",4,1,0,0,0,0,"江苏省",1,4,1,0,1,0,1,0,1
"1045",4,0,0,0,0,0,"江苏省",0,3,1,0,1,0,1,0,0
"1046",4,1,0,0,0,0,"江苏省",0,2,1,0,1,0,1,0,1
"1047",3,2,0,0,0,0,"江苏省",0,2,1,0,1,0,0,1,1
"1048",4,0,0,0,0,0,"江苏省",1,2,5,0,1,0,1,0,0
"1049",4,2,0,0,0,0,"江苏省",1,3,1,0,1,0,1,1,1
"1050",4,0,0,0,0,0,"江苏省",0,2,1,0,1,0,1,0,0
"1051",1,1,0,0,0,0,"江苏省",0,5,1,0,1,1,0,1,0
"1052",2,0,0,0.5,0,1,"江苏省",1,4,5,0,0,1,1,0,0
"1053",4,0,1,1,1,1,"江苏省",1,3,1,0,1,0,1,0,0
"1054",2,2,1,0.333333333,1,1,"江苏省",1,5,4,0,0,1,1,1,1
"1055",3,0,0,0,0,0,"江苏省",1,2,1,0,1,1,1,0,0
"1056",3,0,1,0.5,1,1,"江苏省",0,3,5,0,0,1,1,0,0
"1057",4,0,0,0,0,0,"江苏省",0,3,1,0,0,0,1,0,0
"1058",4,0,1,1,1,1,"江苏省",0,2,1,0,1,0,1,0,0
"1059",3,2,0,0,0,1,"江苏省",1,3,5,0,0,1,1,1,1
"1060",3,1,0,0,0,0,"江苏省",0,3,1,0,1,1,0,0,1
"1061",3,1,1,0.6,0.333333333,1,"江苏省",0,3,1,0,1,1,1,0,1
"1062",4,0,0,0,0,0,"江苏省",1,5,1,0,0,1,1,0,0
"1063",4,0,0,0,0,0,"江苏省",1,2,1,0,1,1,1,0,0
"1064",4,1,0,0,0,0,"江苏省",1,3,5,0,1,1,1,0,1
"1065",2,2,0,0,0,1,"江苏省",0,3,5,0,1,1,1,1,1
"1066",4,0,0,0.666666667,0,1,"江苏省",0,2,0,0,1,1,1,0,0
"1067",3,1,1,0.333333333,1,1,"江苏省",1,3,1,0,0,1,1,0,1
"1068",4,1,0,0.666666667,0,1,"江苏省",0,2,1,0,1,1,0,0,1
"1069",4,1,0,0,0,0,"江苏省",1,3,1,0,1,1,1,0,1
"1070",5,0,0,0,0,0,"江苏省",1,3,5,0,1,0,1,0,0
"1071",2,1,0,0,0,0,"江苏省",0,3,1,0,1,1,0,0,1
"1072",4,0,0,0,0,0,"江苏省",1,2,1,0,1,0,1,0,0
"1073",0,0,0,0,0,0,"江苏省",1,5,1,0,1,1,0,0,0
"1074",4,0,0,0,0,0,"江苏省",1,0,5,0,1,1,0,0,0
"1075",3,1,0,0,0,0,"江苏省",1,5,1,0,1,1,0,0,1
"1076",4,0,0,0,0,0,"江苏省",1,4,1,0,1,1,1,0,0
"1077",4,0,0,0,0,0,"江苏省",1,2,1,0,1,1,1,0,0
"1078",4,2,0,0,0,1,"江苏省",1,2,1,0,1,1,1,1,1
"1079",3,1,0,0,0,0,"江苏省",1,2,5,0,1,1,0,0,1
"1080",4,1,0,0,0,0,"江苏省",0,1,1,0,1,0,0,0,1
"1081",1,2,0,0,0,0,"江苏省",0,3,1,0,1,0,0,1,1
"1082",4,1,0,0,0,1,"江苏省",1,6,1,0,1,1,1,0,1
"1083",4,0,0,0,0,0,"江苏省",0,2,1,0,1,0,1,0,0
"1084",5,0,0,0,0,0,"江苏省",1,2,5,0,1,1,1,0,0
"1085",3,2,0,0,0,0,"江苏省",1,2,1,0,0,1,1,1,1
"1086",3,1,1,0.5,0.5,1,"江苏省",0,6,1,0,1,1,0,0,1
"1087",3,1,0,0,0,0,"江苏省",1,1,1,0,1,1,1,0,1
"1088",2,0,0,0,0,0,"江苏省",1,2,1,0,1,0,1,0,0
"1089",2,1,0,0.5,0,1,"江苏省",1,5,1,0,1,1,0,1,0
"1090",3,2,0,0,0,0,"江苏省",1,3,1,0,0,1,1,1,1
"1091",3,0,0,0,0,0,"江苏省",0,6,1,0,0,0,0,0,0
"1092",4,1,0,0,0,0,"江苏省",1,2,1,0,1,1,1,0,1
"1093",4,1,1,0.5,1,1,"江苏省",1,2,1,0,1,1,1,0,1
"1094",4,0,0,0,0,0,"江苏省",1,2,1,0,1,0,1,0,0
"1095",4,2,0,0,0,0,"江苏省",1,1,5,0,1,0,1,1,1
"1096",2,2,1,0.5,1,1,"江苏省",0,3,1,0,1,1,1,1,1
"1097",4,1,0,0.5,0,1,"江苏省",0,3,1,0,1,1,0,0,1
"1098",5,1,0,0,0,0,"江苏省",1,5,1,0,1,0,0,0,1
"1099",3,0,0,0.5,0,1,"江苏省",1,5,1,0,0,1,0,0,0
"1100",4,1,0,0,0,1,"江苏省",0,3,1,0,1,0,1,0,1
"1101",4,2,0,0.333333333,0,1,"江苏省",1,2,5,0,1,1,1,1,1
"1102",4,0,0,0,0,0,"江苏省",1,5,1,0,1,1,0,0,0
"1103",3,2,0,1,0,1,"江苏省",0,3,1,0,1,0,1,1,1
"1104",4,1,0,0,0,0,"江苏省",1,6,1,0,1,1,0,0,1
"1105",4,2,0,0.333333333,0,1,"江苏省",0,5,1,0,0,1,0,1,1
"1106",2,0,0,0.5,0,1,"江苏省",0,5,0,1,1,1,0,0,0
"1107",4,1,0,0.5,0,1,"江苏省",1,2,1,0,1,0,1,0,1
"1108",3,1,1,1,1,1,"江苏省",0,5,1,0,0,0,1,0,1
"1109",4,1,0,0,0,1,"江苏省",0,6,1,0,0,1,0,0,1
"1110",3,0,0,0,0,0,"江苏省",1,3,1,0,1,0,1,0,0
"1111",4,0,0,0,0,0,"江苏省",1,2,1,0,1,0,1,0,0
"1112",4,1,0,0,0,1,"江苏省",1,2,1,0,1,1,1,1,0
"1113",2,2,0,1,0,1,"江苏省",1,6,0,0,0,0,0,1,1
"1114",4,1,0,0.5,0,1,"江苏省",1,3,1,0,1,0,0,0,1
"1115",4,1,0,0,0,0,"江苏省",1,3,1,0,1,0,1,0,1
"1116",4,0,0,0,0,0,"江苏省",0,2,1,0,1,1,0,0,0
"1117",5,1,0,0,0,0,"江苏省",0,2,1,0,1,1,1,0,1
"1118",3,0,0,0,0,0,"江苏省",1,3,1,0,1,0,1,0,0
"1119",3,2,0,0.5,0,1,"江苏省",0,5,1,0,1,1,0,1,1
"1120",4,0,0,0,0,0,"江苏省",1,3,1,0,1,1,0,0,0
"1121",5,0,0,0,0,0,"江苏省",1,2,5,0,1,0,1,0,0
"1122",4,0,0,0,0,0,"江苏省",0,2,1,0,1,1,0,0,0
"1123",4,0,0,0,0,0,"江苏省",0,2,1,0,1,0,0,0,0
"1124",4,2,0,0,0,0,"江苏省",0,2,1,0,1,1,1,1,1
"1125",5,0,0,0,0,0,"江苏省",0,2,1,0,1,0,1,0,0
"1126",4,1,0,0,0,0,"江苏省",0,2,1,0,1,0,1,0,1
"1127",4,1,0,0,0,0,"江苏省",0,2,1,0,1,0,1,0,1
"1128",5,0,0,0,0,0,"江苏省",1,0,5,0,1,1,0,0,0
"1129",3,2,0,0,0,0,"江苏省",0,2,1,0,1,0,0,1,1
"1130",2,1,0,0,0,0,"江苏省",0,3,4,0,1,1,1,0,1
"1131",4,2,0,0,0,0,"江苏省",0,3,1,0,1,0,0,1,1
"1132",4,0,0,0,0,0,"江苏省",1,6,1,0,1,0,0,0,0
"1133",4,0,0,0,0,0,"江苏省",0,2,1,0,1,1,0,0,0
"1134",4,0,0,0,0,0,"江苏省",1,3,1,0,1,0,0,0,0
"1135",5,0,0,0,0,0,"江苏省",1,1,5,0,1,0,1,0,0
"1136",4,0,0,0,0,0,"江苏省",1,1,1,0,1,1,0,0,0
"1137",4,0,0,0,0,0,"江苏省",0,2,1,0,1,0,0,0,0
"1138",4,0,0,0,0,0,"江苏省",1,1,1,0,0,0,0,0,0
"1139",4,1,0,0,0,0,"江苏省",0,2,1,0,1,0,1,1,0
"1140",4,0,0,0,0,0,"江苏省",0,2,1,0,1,0,0,0,0
"1141",4,0,0,0,0,0,"江苏省",1,1,1,0,0,1,0,0,0
"1142",4,2,0,0,0,0,"江苏省",0,2,1,0,1,0,1,1,1
"1143",4,0,0,0,0,0,"江苏省",0,2,1,0,1,1,0,0,0
"1144",4,0,0,0,0,0,"江苏省",0,2,1,0,0,0,1,0,0
"1145",5,0,0,0,0,0,"江苏省",0,1,1,0,1,0,1,0,0
"1146",3,2,0,0.5,0,1,"江苏省",0,1,0,0,1,1,0,1,1
"1147",4,0,0,0,0,0,"江苏省",1,3,1,0,1,1,1,0,0
"1148",4,2,0,0,0,0,"江苏省",0,3,1,0,1,1,0,1,1
"1149",4,0,0,0,0,0,"江苏省",1,3,1,0,1,1,0,0,0
"1150",3,2,0,0,0,0,"江苏省",0,7,0,1,1,1,1,1,1
"1151",0,0,0,0,0,0,"江苏省",0,3,1,0,1,1,0,0,0
"1152",4,0,0,0,0,0,"江苏省",0,2,1,0,1,1,0,0,0
"1153",3,2,0,0,0,0,"江苏省",1,3,1,0,1,0,0,1,1
"1154",4,0,0,0,0,0,"江苏省",1,1,1,0,1,0,1,0,0
"1155",3,2,0,0,0,0,"江苏省",1,5,1,0,1,0,0,1,1
"1156",4,0,0,0,0,0,"江苏省",1,2,1,0,1,0,1,0,0
"1157",3,1,0,0,0,0,"江苏省",0,6,1,0,1,0,1,0,1
"1158",3,2,0,0,0,0,"江苏省",0,3,1,0,1,0,1,1,1
"1159",4,0,0,0,0,0,"江苏省",1,2,1,0,1,0,0,0,0
"1160",3,2,0,0,0,0,"江苏省",0,6,1,0,1,0,0,1,1
"1161",4,0,0,0,0,0,"江苏省",0,0,1,0,1,0,1,0,0
"1162",4,0,0,0,0,0,"江苏省",1,0,1,0,1,1,1,0,0
"1163",4,1,0,0,0,0,"江苏省",0,0,1,0,1,0,0,0,1
"1164",3,2,0,0,0,0,"江苏省",1,2,1,0,1,1,1,1,1
"1165",4,1,0,0,0,0,"江苏省",1,4,1,0,1,0,1,0,1
"1166",4,0,0,0,0,0,"江苏省",1,0,5,0,1,1,1,0,0
"1167",4,0,0,0,0,0,"江苏省",0,1,1,0,1,0,1,0,0
"1168",4,1,0,0,0,0,"江苏省",0,2,1,0,1,0,0,1,0
"1169",3,2,0,0,0,0,"江苏省",0,2,1,0,1,0,0,1,1
"1170",4,0,0,0,0,0,"江苏省",1,1,1,0,1,0,0,0,0
"1171",4,0,0,0,0,0,"江苏省",1,2,1,0,1,0,1,0,0
"1172",4,0,0,0,0,0,"江苏省",1,0,1,0,1,0,1,0,0
"1173",0,0,0,0,0,0,"江苏省",1,0,1,0,1,0,1,0,0
"1174",4,0,0,0,0,0,"江苏省",1,0,1,0,1,0,0,0,0
"1175",2,1,0,0,0,0,"江苏省",1,2,1,0,1,0,1,1,0
"1176",4,0,0,0,0,0,"江苏省",1,2,1,0,1,1,0,0,0
"1177",4,0,0,0,0,0,"江苏省",0,2,1,0,1,0,1,0,0
"1178",4,1,0,0,0,0,"江苏省",1,2,1,0,1,1,0,1,0
"1179",4,1,0,0,0,0,"江苏省",0,2,1,0,1,0,1,0,1
"1180",4,0,0,0,0,0,"江苏省",0,1,1,0,0,0,0,0,0
"1181",2,0,0,0,0,0,"江苏省",0,0,1,0,1,0,0,0,0
"1182",4,0,0,0,0,0,"江苏省",0,2,1,0,0,0,0,0,0
"1183",4,0,0,0,0,0,"江苏省",0,2,1,0,1,0,1,0,0
"1184",5,1,0,0,0,0,"江苏省",1,2,1,0,1,0,1,0,1
"1185",4,1,0,0,0,0,"江苏省",1,1,1,0,1,0,0,1,0
"1186",4,0,0,0,0,0,"江苏省",1,3,1,0,0,0,1,0,0
"1187",4,0,0,0,0,0,"江苏省",0,1,0,0,1,0,1,0,0
"1188",0,0,0,0,0,0,"江苏省",0,2,1,0,1,1,0,0,0
"1189",5,0,0,0,0,0,"江苏省",0,1,1,0,1,1,0,0,0
"1190",3,0,0,0,0,1,"江苏省",1,3,1,0,1,1,0,0,0
"1191",4,0,0,0,0,0,"江苏省",1,1,1,0,1,1,0,0,0
"1192",5,1,0,0,0,0,"江苏省",0,2,1,0,1,1,1,1,0
"1193",3,0,0,0,0,1,"江苏省",0,2,1,0,1,1,0,0,0
"1194",2,1,0,0.5,0,1,"江苏省",0,0,1,0,1,1,1,0,1
"1195",4,0,0,0.5,0,1,"江苏省",1,6,1,0,0,1,0,0,0
"1196",4,0,0,0,0,0,"江苏省",1,5,1,0,1,1,1,0,0
"1197",4,1,0,0,0,0,"江苏省",0,2,1,0,1,1,0,0,1
"1198",4,2,0,0,0,0,"江苏省",0,2,0,0,1,1,0,1,1
"1199",3,1,0,0,0,0,"江苏省",0,2,4,0,1,1,0,0,1
"1200",4,1,0,0,0,0,"江苏省",1,0,1,0,1,0,1,0,1
"1201",5,0,0,0,0,0,"江苏省",0,2,1,0,1,1,0,0,0
"1202",4,0,0,0,0,0,"江苏省",0,3,3,0,1,1,1,0,0
"1203",5,0,0,0,0,1,"江苏省",1,1,1,0,1,1,1,0,0
"1204",2,0,0,0,0,0,"江苏省",0,2,1,0,1,0,0,0,0
"1205",4,0,0,0,0,0,"江苏省",0,2,1,0,1,1,1,0,0
"1206",5,0,0,0,0,0,"江苏省",0,2,1,0,1,1,0,0,0
"1207",0,0,0,1,0,1,"江苏省",1,2,1,0,1,0,0,0,0
"1208",4,1,0,0,0,0,"江苏省",0,3,1,0,1,1,1,1,0
"1209",5,0,0,0.666666667,0,1,"江苏省",0,2,1,0,1,1,1,0,0
"1210",4,0,0,0,0,0,"江苏省",1,1,1,0,1,0,0,0,0
"1211",4,0,0,0,0,0,"江苏省",1,1,1,0,1,0,1,0,0
"1212",4,1,0,0,0,0,"江苏省",0,2,1,0,1,1,0,0,1
"1213",3,2,0,0,0,0,"江苏省",0,2,1,0,1,0,0,1,1
"1214",4,0,0,0,0,0,"江苏省",1,1,1,0,1,0,0,0,0
"1215",3,1,0,0.5,0,1,"江苏省",0,2,1,0,1,0,0,0,1
"1216",4,2,0,0,0,1,"江苏省",0,3,1,0,1,1,0,1,1
"1217",4,0,0,0,0,0,"江苏省",0,1,1,0,1,1,0,0,0
"1218",4,2,0,0,0,0,"江苏省",0,2,1,0,1,1,0,1,1
"1219",4,2,0,0.5,0,1,"江苏省",0,3,1,0,0,1,1,1,1
"1220",4,0,0,0,0,0,"江苏省",1,2,1,0,1,1,1,0,0
"1221",2,1,0,0,0,0,"江苏省",1,1,1,0,1,0,1,1,0
"1222",2,1,0,0,0,0,"江苏省",1,5,1,0,1,1,1,0,1
"1223",4,2,0,0,0,0,"江苏省",0,4,1,0,1,1,0,1,1
"1224",3,0,0,0,0,0,"江苏省",1,1,1,0,1,0,1,0,0
"1225",2,2,0,1,0,1,"江苏省",0,6,1,0,1,0,0,1,1
"1226",4,0,0,0,0,0,"江苏省",1,2,1,0,1,0,1,0,0
"1227",3,1,0,0,0,0,"江苏省",1,2,1,0,1,0,1,0,1
"1228",4,1,0,0.5,0,1,"江苏省",1,3,1,0,1,1,1,0,1
"1229",4,1,0,0,0,0,"江苏省",0,4,1,0,1,1,1,0,1
"1230",2,0,0,0,0,0,"江苏省",1,2,1,0,1,1,0,0,0
"1231",5,0,0,0,0,0,"江苏省",0,3,1,0,1,1,0,0,0
"1232",3,1,0,0,0,0,"江苏省",0,1,1,0,1,1,1,0,1
"1233",3,2,0,0,0,0,"江苏省",1,6,1,0,1,1,0,1,1
"1234",2,2,0,0,0,1,"江苏省",0,6,1,0,1,1,0,1,1
"1235",1,2,0,0.333333333,0,1,"江苏省",0,6,1,0,1,1,0,1,1
"1236",4,0,0,0,0,0,"江苏省",1,2,1,0,1,1,0,0,0
"1237",4,1,0,0.5,0,1,"江苏省",1,2,1,0,1,1,0,0,1
"1238",4,2,0,0,0,0,"江苏省",1,1,1,0,1,1,1,1,1
"1239",3,0,0,0,0,0,"江苏省",0,6,1,0,1,1,0,0,0
"1240",4,1,0,0,0,0,"江苏省",1,2,5,0,1,1,1,1,0
"1241",3,1,0,0,0,1,"江苏省",0,3,1,0,1,1,1,0,1
"1242",3,2,0,0.5,0,1,"江苏省",1,6,1,0,1,1,0,1,1
"1243",4,1,0,0,0,0,"江苏省",0,3,1,0,1,0,1,1,0
"1244",5,0,0,0.5,0,1,"江苏省",0,3,1,0,1,1,1,0,0
"1245",4,1,0,0,0,0,"江苏省",0,3,1,0,1,1,0,1,0
"1246",2,1,0,0,0,0,"江苏省",0,2,1,0,1,0,1,1,0
"1247",0,1,0,0.5,0,1,"江苏省",0,2,1,0,1,1,0,0,1
"1248",2,2,0,0,0,0,"江苏省",1,2,1,0,1,1,1,1,1
"1249",0,1,0,0,0,0,"江苏省",0,2,1,0,1,1,0,0,1
"1250",0,1,0,0,0,1,"江苏省",1,2,1,0,1,1,1,0,1
"1251",4,0,0,0,0,0,"江苏省",0,4,1,0,1,0,1,0,0
"1252",4,0,0,0,0,0,"江苏省",1,2,4,0,1,0,1,0,0
"1253",4,0,0,0,0,0,"江苏省",0,1,1,0,1,0,1,0,0
"1254",4,1,0,0,0,0,"江苏省",0,2,1,0,1,1,0,0,1
"1255",4,0,0,0,0,0,"江苏省",0,2,1,0,1,1,0,0,0
"1256",4,0,0,0,0,0,"江苏省",0,1,1,0,1,1,0,0,0
"1257",4,0,0,0,0,0,"江苏省",1,2,1,0,1,1,1,0,0
"1258",5,1,0,0,0,0,"江苏省",0,0,1,0,1,1,1,0,1
"1259",4,0,0,0,0,0,"江苏省",0,2,1,0,1,1,1,0,0
"1260",3,0,0,0,0,0,"江苏省",0,2,1,0,1,1,1,0,0
"1261",3,0,0,0,0,1,"江苏省",0,3,1,0,0,1,0,0,0
"1262",5,0,0,0,0,0,"江苏省",1,2,1,0,1,1,1,0,0
"1263",4,0,0,0,0,0,"江苏省",0,2,1,0,1,1,1,0,0
"1264",5,2,0,0,0,0,"江苏省",1,3,4,0,0,1,0,1,1
"1265",2,1,0,0,0,0,"江苏省",1,2,1,0,1,1,0,1,0
"1266",3,1,0,0,0,0,"江苏省",0,1,1,0,1,1,0,1,0
"1267",4,0,0,0,0,0,"江苏省",1,2,1,0,1,1,1,0,0
"1268",4,1,0,0,0,0,"江苏省",0,1,1,0,1,1,1,1,0
"1269",1,2,0,0,0,0,"江苏省",0,5,1,0,1,0,0,1,1
"1270",4,0,0,0,0,0,"江苏省",1,2,1,0,1,0,0,0,0
"1271",4,1,0,0.5,0,1,"江苏省",1,2,1,0,1,1,0,0,1
"1272",2,0,0,0,0,0,"江苏省",1,2,1,0,1,0,0,0,0
"1273",4,0,0,0,0,0,"江苏省",0,2,1,0,1,1,1,0,0
"1274",4,0,0,0,0,0,"江苏省",1,1,0,0,1,0,0,0,0
"1275",2,1,0,1,0,1,"江苏省",0,3,0,0,1,0,0,1,0
"1276",5,0,0,0,0,0,"江苏省",0,4,1,0,1,0,0,0,0
"1277",4,0,0,0,0,0,"江苏省",0,1,1,0,1,1,1,0,0
"1278",2,2,0,0,0,0,"江苏省",1,2,1,0,1,0,0,1,1
"1279",5,0,0,0,0,0,"江苏省",0,2,1,0,1,1,0,0,0
"1280",0,0,0,1,0,1,"江苏省",0,2,0,0,1,0,0,0,0
"1281",2,0,0,0,0,0,"江苏省",0,4,1,0,0,0,0,0,0
"1282",3,1,0,0,0,0,"江苏省",0,2,0,0,1,0,0,0,1
"1283",5,0,0,0,0,0,"江苏省",1,1,1,0,0,1,1,0,0
"1284",4,1,0,0.5,0,1,"江苏省",0,1,1,0,1,1,0,0,1
"1285",0,0,0,0,0,0,"江苏省",1,3,1,0,1,1,1,0,0
"1286",0,0,0,0,0,1,"江苏省",0,4,1,0,1,0,1,0,0
"1287",0,0,0,0,0,0,"江苏省",0,5,5,0,1,1,1,0,0
"1288",0,0,0,0.5,0,1,"江苏省",1,2,1,0,1,1,1,0,0
"1289",0,0,0,0,0,0,"江苏省",1,6,1,0,1,1,1,0,0
"1290",0,0,0,0,0,0,"江苏省",1,2,1,0,1,1,1,0,0
"1291",0,0,0,0,0,0,"江苏省",0,1,1,0,1,1,1,0,0
"1292",0,0,1,0.5,1,1,"江苏省",1,1,1,0,1,1,1,0,0
"1293",0,0,1,1,1,1,"江苏省",1,1,4,0,1,0,1,0,0
"1294",3,0,0,0,0,0,"江苏省",0,4,1,0,1,1,1,0,0
"1295",4,0,0,0,0,0,"江苏省",0,2,1,0,0,1,1,0,0
"1296",5,0,0,0,0,0,"江苏省",1,5,1,0,1,0,0,0,0
"1297",3,1,0,0,0,1,"江苏省",0,2,1,0,1,1,1,1,0
"1298",2,0,1,0.5,1,1,"江苏省",0,4,1,0,1,1,0,0,0
"1299",5,1,0,0,0,0,"江苏省",0,2,1,0,1,1,0,0,1
"1300",4,0,0,0,0,0,"江苏省",1,0,1,0,1,1,0,0,0
"1301",5,0,0,0,0,0,"江苏省",0,0,1,0,1,1,0,0,0
"1302",4,2,0,0,0,1,"江苏省",0,1,1,0,1,1,1,1,1
"1303",4,0,0,0,0,0,"江苏省",1,1,1,0,0,0,1,0,0
"1304",4,0,0,0,0,1,"江苏省",0,1,1,0,1,0,0,0,0
"1305",4,0,0,0,0,0,"江苏省",0,2,1,0,1,1,0,0,0
"1306",2,1,0,0,0,0,"江苏省",0,2,1,0,1,1,0,0,1
"1307",5,0,0,0,0,0,"江苏省",0,1,1,0,1,1,1,0,0
"1308",4,0,0,0,0,0,"江苏省",0,1,1,0,1,1,1,0,0
"1309",5,0,0,0,0,0,"江苏省",1,1,1,0,1,1,1,0,0
"1310",4,1,0,0,0,0,"江苏省",0,1,1,0,1,0,1,1,0
"1311",2,1,0,0.5,0,1,"江苏省",1,5,1,0,1,1,1,1,0
"1312",5,0,0,0,0,0,"江苏省",0,1,1,0,0,0,1,0,0
"1313",4,2,0,0,0,0,"江苏省",0,2,1,0,1,0,1,1,1
"1314",3,1,0,0,0,0,"江苏省",0,2,1,0,1,1,1,0,1
"1315",4,1,0,0,0,0,"江苏省",0,2,1,0,0,1,0,0,1
"1316",2,2,0,0.5,0,1,"江苏省",1,6,1,0,1,1,0,1,1
"1317",4,0,1,0.666666667,0.5,1,"江苏省",1,2,1,0,1,1,0,0,0
"1318",3,2,0,0,0,0,"江苏省",1,1,1,0,1,1,0,1,1
"1319",4,0,0,0,0,0,"江苏省",1,1,1,0,1,0,1,0,0
"1320",2,2,0,0,0,1,"江苏省",0,1,1,0,1,1,1,1,1
"1321",4,0,0,0,0,0,"江苏省",1,0,5,0,1,1,1,0,0
"1322",1,1,0,0.333333333,0,1,"江苏省",0,2,1,0,1,1,0,0,1
"1323",4,2,0,0.333333333,0,1,"江苏省",1,6,0,1,1,1,0,1,1
"1324",3,0,0,0,0,0,"江苏省",0,5,0,0,1,1,0,0,0
"1325",3,2,1,0.5,0.5,1,"江苏省",0,2,1,0,1,1,1,1,1
"1326",4,0,0,0,0,0,"江苏省",1,0,1,0,1,1,0,0,0
"1327",3,1,0,0,0,0,"江苏省",0,3,1,0,1,1,0,1,0
"1328",2,0,0,0,0,0,"江苏省",1,2,1,0,1,1,1,0,0
"1329",4,1,0,0,0,0,"江苏省",1,1,5,0,1,1,1,0,1
"1330",3,0,0,0,0,0,"江苏省",1,1,1,0,1,1,0,0,0
"1331",4,0,0,0,0,0,"江苏省",0,1,1,0,1,1,1,0,0
"1332",3,1,0,0,0,0,"江苏省",0,1,4,0,1,1,1,0,1
"1333",4,0,0,0,0,0,"江苏省",0,1,1,0,1,1,0,0,0
"1334",4,0,0,0,0,0,"江苏省",0,1,1,0,1,1,0,0,0
"1335",4,1,0,0,0,0,"江苏省",1,0,1,0,1,0,1,1,0
"1336",2,2,0,0,0,0,"江苏省",1,3,1,0,0,0,1,1,1
"1337",5,1,0,0,0,0,"江苏省",0,2,4,0,1,0,1,0,1
"1338",2,1,0,0,0,0,"江苏省",0,2,1,0,1,1,1,0,1
"1339",5,0,0,0,0,0,"江苏省",0,2,1,0,1,0,1,0,0
"1340",4,0,0,0,0,0,"江苏省",0,2,1,0,1,0,0,0,0
"1341",3,2,0,0.5,0,1,"江苏省",1,3,1,0,0,1,0,1,1
"1342",2,2,0,0,0,0,"江苏省",1,5,1,0,0,0,1,1,1
"1343",5,0,0,0,0,0,"江苏省",0,1,1,0,1,0,0,0,0
"1344",5,0,0,0,0,0,"江苏省",1,1,1,0,1,0,1,0,0
"1345",1,2,1,1,0.333333333,1,"江苏省",0,5,1,0,1,0,0,1,1
"1346",4,0,0,0,0,0,"江苏省",0,3,1,0,1,0,0,0,0
"1347",5,0,0,0,0,0,"江苏省",1,1,1,0,1,0,0,0,0
"1348",4,0,0,0,0,0,"江苏省",1,2,1,0,1,0,1,0,0
"1349",5,0,0,0,0,0,"江苏省",0,1,1,0,1,0,0,0,0
"1350",3,0,0,0,0,0,"江苏省",1,2,1,0,1,1,1,0,0
"1351",4,0,0,0,0,0,"江苏省",1,2,1,0,1,0,0,0,0
"1352",5,1,0,0,0,0,"江苏省",0,6,1,0,1,0,0,0,1
"1353",4,2,0,0,0,0,"江苏省",1,1,1,0,1,0,0,1,1
"1354",3,2,0,1,0,1,"江苏省",1,2,1,0,1,0,1,1,1
"1355",4,0,0,0,0,0,"江苏省",0,1,1,0,1,0,0,0,0
"1356",4,0,0,0,0,0,"江苏省",0,3,1,0,1,1,0,0,0
"1357",5,0,0,0,0,0,"江苏省",0,1,1,0,1,0,1,0,0
"1358",4,0,0,0,0,0,"江苏省",1,2,1,0,1,0,0,0,0
"1359",5,0,0,0,0,0,"江苏省",0,1,1,0,0,0,0,0,0
"1360",4,1,0,0,0,0,"江苏省",0,3,1,0,1,0,1,0,1
"1361",4,1,0,0,0,0,"江苏省",0,1,1,0,1,1,1,0,1
"1362",4,0,0,0,0,0,"江苏省",1,1,1,0,1,0,1,0,0
"1363",4,0,0,0,0,0,"江苏省",1,2,1,0,1,1,1,0,0
"1364",2,2,0,0,0,0,"江苏省",0,2,1,0,0,0,1,1,1
"1365",3,0,0,0,0,0,"江苏省",0,2,1,0,1,1,0,0,0
"1366",4,0,0,0,0,0,"江苏省",0,2,1,0,1,1,1,0,0
"1367",2,2,0,1,0,1,"江苏省",0,5,1,0,1,0,0,1,1
"1368",4,0,0,0,0,0,"江苏省",0,1,1,0,1,0,1,0,0
"1369",5,0,0,0,0,0,"江苏省",1,3,1,0,1,0,1,0,0
"1370",4,2,0,0,0,0,"江苏省",0,2,1,0,1,0,1,1,1
"1371",3,1,0,0,0,0,"江苏省",0,2,1,0,1,0,0,1,0
"1372",2,1,0,0.6,0,1,"江苏省",1,5,1,0,1,1,0,0,1
"1373",5,0,0,0,0,0,"江苏省",1,5,1,0,1,1,1,0,0
"1374",4,1,0,0,0,0,"江苏省",1,2,1,0,1,0,1,0,1
"1375",2,2,0,0.333333333,0,1,"江苏省",0,6,1,0,0,1,0,1,1
"1376",3,0,0,0,0,0,"江苏省",1,2,1,0,1,1,0,0,0
"1377",2,0,1,0.5,1,1,"江苏省",0,6,1,0,1,1,0,0,0
"1378",5,0,0,0,0,0,"江苏省",1,1,1,0,1,0,0,0,0
"1379",4,0,0,0,0,0,"江苏省",1,2,1,0,1,0,1,0,0
"1380",3,1,0,0,0,0,"江苏省",1,6,1,0,1,0,0,0,1
"1381",2,2,0,0,0,0,"江苏省",0,6,1,0,0,0,0,1,1
"1382",2,2,0,0,0,0,"江苏省",0,3,0,0,1,0,0,1,1
"1383",4,1,0,0,0,0,"江苏省",1,0,1,0,1,1,1,0,1
"1384",4,2,0,0,0,0,"江苏省",0,3,1,0,1,1,0,1,1
"1385",2,1,0,0,0,0,"江苏省",0,4,1,0,1,0,1,0,1
"1386",4,1,0,0,0,0,"江苏省",0,2,1,0,1,1,1,1,0
"1387",1,2,0,0,0,1,"江苏省",1,3,0,1,1,0,1,1,1
"1388",5,0,0,0,0,0,"江苏省",1,3,1,0,1,1,0,0,0
"1389",4,1,0,0,0,0,"江苏省",0,2,1,0,0,0,1,0,1
"1390",4,0,0,0,0,0,"江苏省",0,1,1,0,1,1,1,0,0
"1391",3,0,0,0,0,0,"江苏省",1,1,1,0,1,0,1,0,0
"1392",4,1,0,0,0,0,"江苏省",0,2,1,0,1,1,0,0,1
"1393",4,1,0,0,0,0,"江苏省",1,1,1,0,1,0,0,0,1
"1394",4,0,0,0,0,0,"江苏省",0,2,5,0,1,0,1,0,0
"1395",4,0,0,0,0,0,"江苏省",1,1,1,0,1,1,1,0,0
"1396",4,1,0,0,0,0,"江苏省",0,3,1,0,1,0,1,0,1
"1397",4,0,0,0,0,0,"江苏省",0,2,1,0,1,1,0,0,0
"1398",5,0,0,0,0,0,"江苏省",0,1,2,0,1,0,0,0,0
"1399",5,0,0,0,0,0,"江苏省",0,1,0,0,1,0,1,0,0
"1400",4,0,0,0,0,0,"江苏省",0,2,1,0,1,1,1,0,0
"1401",4,1,0,0,0,0,"江苏省",0,2,1,0,1,0,0,0,1
"1402",5,0,0,0,0,0,"江苏省",0,2,1,0,1,1,0,0,0
"1403",2,1,0,0,0,0,"江苏省",0,5,1,0,1,0,0,0,1
"1404",5,0,0,0,0,0,"江苏省",0,1,1,0,1,1,0,0,0
"1405",4,0,0,0,0,0,"江苏省",0,2,1,0,1,0,1,0,0
"1406",5,2,0,0,0,0,"江苏省",0,2,1,0,1,0,0,1,1
"1407",4,0,0,0,0,0,"江苏省",0,2,1,0,1,1,0,0,0
"1408",4,0,0,0,0,0,"江苏省",0,3,1,0,1,0,1,0,0
"1409",4,0,0,0,0,0,"江苏省",0,2,1,0,1,0,0,0,0
"1410",4,0,0,0,0,0,"江苏省",1,3,1,0,1,1,0,0,0
"1411",4,0,0,0,0,0,"江苏省",0,2,1,0,1,1,0,0,0
"1412",4,0,0,0,0,0,"江苏省",0,0,1,0,1,0,0,0,0
"1413",4,1,0,0,0,0,"江苏省",1,2,1,0,1,1,0,0,1
"1414",5,0,0,0,0,0,"江苏省",1,1,4,0,1,0,0,0,0
"1415",3,1,0,0,0,0,"江苏省",1,1,1,0,1,1,1,0,1
"1416",4,0,0,0,0,0,"江苏省",0,2,1,0,1,1,0,0,0
"1417",4,0,0,0,0,0,"江苏省",0,1,5,0,1,1,1,0,0
"1418",3,0,0,0,0,0,"江苏省",1,1,1,0,1,1,1,0,0
"1419",3,0,0,0,0,1,"江苏省",1,6,1,0,1,1,1,0,0
"1420",2,2,0,0,0,0,"江苏省",0,6,0,0,0,1,0,1,1
"1421",5,0,0,0,0,0,"江苏省",0,4,0,0,1,0,1,0,0
"1422",4,0,0,0,0,0,"江苏省",0,1,1,0,1,0,1,0,0
"1423",3,0,0,0.5,0,1,"江苏省",1,4,4,0,1,1,0,0,0
"1424",4,0,0,0,0,0,"江苏省",1,2,1,0,1,0,0,0,0
"1425",4,0,0,0,0,0,"江苏省",0,0,1,0,1,1,1,0,0
"1426",4,1,0,0,0,0,"江苏省",1,1,1,0,1,1,0,0,1
"1427",4,0,0,0,0,0,"江苏省",1,2,1,0,1,1,1,0,0
"1428",4,0,0,0,0,0,"江苏省",1,1,1,0,1,0,1,0,0
"1429",4,1,0,0,0,0,"江苏省",0,2,1,0,1,0,1,0,1
"1430",4,2,0,0.5,0,1,"江苏省",1,4,1,0,1,1,0,1,1
"1431",3,0,0,0,0,0,"江苏省",0,3,0,0,1,1,0,0,0
"1432",4,0,0,0,0,0,"江苏省",0,2,1,0,0,0,0,0,0
"1433",4,0,0,0,0,0,"江苏省",1,1,1,0,1,0,1,0,0
"1434",4,0,0,0,0,0,"江苏省",1,1,1,0,1,1,0,0,0
"1435",3,1,0,0,0,0,"江苏省",1,6,1,0,1,1,0,0,1
"1436",4,0,0,0,0,0,"江苏省",1,3,1,0,1,1,0,0,0
"1437",3,1,0,0,0,0,"江苏省",0,2,1,0,1,1,0,0,1
"1438",4,0,0,0,0,0,"江苏省",0,2,1,0,1,1,0,0,0
"1439",4,1,0,0,0,0,"江苏省",0,2,1,0,1,1,0,0,1
"1440",4,1,0,0,0,0,"江苏省",0,3,1,0,1,1,0,0,1
"1441",5,0,0,0,0,0,"江苏省",0,2,1,0,1,1,0,0,0
"1442",4,1,0,0,0,0,"江苏省",0,2,1,0,1,0,0,1,0
"1443",4,0,0,0,0,0,"江苏省",0,1,1,0,1,0,1,0,0
"1444",0,0,0,0,0,0,"江苏省",0,1,1,0,1,1,1,0,0
"1445",4,0,0,0,0,0,"江苏省",0,1,1,0,1,0,1,0,0
"1446",4,0,0,0,0,0,"江苏省",0,0,1,0,1,1,0,0,0
"1447",4,2,0,0,0,0,"江苏省",0,3,1,0,1,1,0,1,1
"1448",4,0,0,0,0,0,"江苏省",0,2,1,0,1,0,1,0,0
"1449",4,0,0,0,0,0,"江苏省",0,3,1,0,1,0,1,0,0
"1450",4,0,0,0,0,0,"江苏省",0,2,1,0,1,0,0,0,0
"1451",4,0,0,0,0,0,"江苏省",0,2,1,0,1,0,0,0,0
"1452",4,0,0,0,0,0,"江苏省",0,1,1,0,1,0,0,0,0
"1453",4,0,0,0,0,0,"江苏省",1,0,1,0,1,1,0,0,0
"1454",4,1,0,0,0,0,"江苏省",0,2,1,0,1,0,1,1,0
"1455",4,1,0,0,0,0,"江苏省",0,3,1,0,1,1,0,0,1
"1456",3,1,0,0,0,0,"江苏省",1,4,1,0,1,1,1,0,1
"1457",4,1,0,0,0,0,"江苏省",0,2,1,0,1,0,0,0,1
"1458",4,1,0,0,0,0,"江苏省",0,3,1,0,1,1,0,0,1
"1459",4,0,0,0.5,0,1,"江苏省",1,1,1,0,1,1,0,0,0
"1460",4,2,0,0,0,0,"江苏省",0,2,1,0,1,1,1,1,1
"1461",0,0,0,0,0,0,"江苏省",0,2,1,0,1,1,1,0,0
"1462",4,0,0,0,0,0,"江苏省",0,2,1,0,1,1,0,0,0
"1463",4,1,0,0,0,0,"江苏省",0,2,5,0,1,1,0,1,0
"1464",0,0,0,0.5,0,1,"江苏省",1,1,1,0,1,1,0,0,0
"1465",5,0,0,0,0,0,"江苏省",0,3,4,0,1,1,1,0,0
"1466",2,2,0,0,0,0,"江苏省",0,3,1,0,1,1,0,1,1
"1467",4,1,0,0,0,0,"江苏省",0,2,1,0,1,1,0,0,1
"1468",0,0,0,0,0,0,"江苏省",1,0,1,0,0,1,1,0,0
"1469",4,1,0,0,0,0,"江苏省",0,1,1,0,1,0,0,0,1
"1470",4,0,0,0,0,0,"江苏省",0,1,1,0,1,1,1,0,0
"1471",4,2,0,0,0,0,"江苏省",0,3,1,0,1,1,0,1,1
"1472",4,0,0,0,0,0,"江苏省",1,2,1,0,1,1,0,0,0
"1473",4,0,0,0,0,0,"江苏省",1,0,1,0,1,1,1,0,0
"1474",3,0,0,0,0,0,"江苏省",0,1,1,0,1,1,0,0,0
"1475",3,2,0,0,0,0,"江苏省",0,3,0,0,1,1,1,1,1
"1476",3,0,0,0,0,0,"江苏省",0,3,0,0,0,0,1,0,0
"1477",4,1,0,0,0,1,"江苏省",0,3,1,0,1,1,1,0,1
"1478",3,1,0,0,0,0,"江苏省",0,3,5,0,1,1,1,1,0
"1479",4,2,0,0,0,0,"江苏省",0,2,1,0,1,1,0,1,1
"1480",3,1,0,0,0,0,"江苏省",0,2,5,0,1,1,0,0,1
"1481",2,1,0,0,0,0,"江苏省",1,2,1,0,1,0,0,1,0
"1482",3,0,0,0,0,0,"江苏省",1,3,1,0,1,1,0,0,0
"1483",3,1,0,0,0,0,"江苏省",0,3,1,0,1,1,1,1,0
"1484",4,1,0,0,0,0,"江苏省",0,2,1,0,1,1,1,0,1
"1485",4,0,0,0,0,0,"江苏省",1,1,1,0,0,0,1,0,0
"1486",5,0,0,0,0,0,"江苏省",1,2,1,0,0,1,1,0,0
"1487",4,0,0,0,0,0,"江苏省",0,2,1,0,1,1,0,0,0
"1488",4,1,0,0.5,0,1,"江苏省",1,2,1,0,1,1,1,0,1
"1489",4,0,0,0,0,0,"江苏省",1,0,5,0,1,1,1,0,0
"1490",4,0,0,0,0,0,"江苏省",0,2,1,0,1,1,0,0,0
"1491",5,1,0,0,0,0,"江苏省",0,3,1,0,1,0,1,0,1
"1492",4,1,0,0.5,0,1,"江苏省",1,4,1,0,1,1,0,0,1
"1493",4,2,0,0.5,0,1,"江苏省",1,2,1,0,1,1,1,1,1
"1494",4,1,0,0,0,0,"江苏省",0,3,1,0,1,0,1,0,1
"1495",0,0,0,0,0,0,"江苏省",1,0,1,0,1,1,0,0,0
"1496",4,0,0,0,0,0,"江苏省",0,0,1,0,1,1,1,0,0
"1497",3,2,0,0,0,0,"江苏省",0,2,1,0,1,1,0,1,1
"1498",4,0,0,0,0,0,"江苏省",1,2,1,0,1,1,0,0,0
"1499",4,1,0,0,0,0,"江苏省",0,2,1,0,1,1,1,0,1
"1500",4,0,0,0,0,0,"江苏省",1,2,1,0,1,1,0,0,0
"1501",2,0,0,0,0,0,"江苏省",1,1,1,0,1,1,1,0,0
"1502",4,2,0,0,0,0,"江苏省",0,2,1,0,1,1,1,1,1
"1503",4,0,0,0,0,0,"江苏省",0,2,1,0,1,1,1,0,0
"1504",4,0,0,0,0,0,"江苏省",0,2,1,0,1,1,0,0,0
"1505",3,2,0,0,0,1,"江苏省",0,2,1,0,1,1,1,1,1
"1506",4,1,0,0,0,0,"江苏省",0,3,1,0,1,1,0,0,1
"1507",5,1,0,0,0,0,"江苏省",0,1,1,0,1,1,0,1,0
"1508",3,2,0,0,0,0,"江苏省",0,2,1,0,1,1,0,1,1
"1509",4,0,0,0,0,0,"江苏省",0,3,1,0,0,1,1,0,0
"1510",4,0,0,0,0,1,"江苏省",0,2,1,0,1,1,0,0,0
"1511",4,0,0,0,0,0,"江苏省",0,1,1,0,1,1,0,0,0
"1512",4,2,0,0,0,1,"江苏省",1,2,1,0,1,1,1,1,1
"1513",0,0,0,0,0,0,"江苏省",0,2,1,0,1,1,0,0,0
"1514",0,0,0,0,0,0,"江苏省",0,1,1,0,1,1,1,0,0
"1515",4,0,0,0,0,0,"江苏省",0,2,1,0,1,1,0,0,0
"1516",5,0,0,0,0,0,"江苏省",0,1,1,0,1,0,0,0,0
"1517",3,1,0,0,0,0,"江苏省",0,1,1,0,1,1,0,0,1
"1518",4,1,0,0,0,0,"江苏省",0,2,1,0,1,1,1,1,0
"1519",4,0,0,0,0,0,"江苏省",0,2,1,0,1,1,0,0,0
"1520",3,2,0,0.5,0,1,"江苏省",0,2,1,0,1,1,0,1,1
"1521",3,1,0,0,0,0,"江苏省",0,4,1,0,1,1,0,0,1
"1522",0,0,0,0,0,0,"江苏省",1,0,1,0,1,1,1,0,0
"1523",4,1,0,0,0,0,"江苏省",0,2,1,0,1,1,1,0,1
"1524",4,1,0,0,0,0,"江苏省",0,1,1,0,1,1,0,0,1
"1525",4,0,0,0,0,0,"江苏省",0,1,1,0,1,1,1,0,0
"1526",4,1,0,0,0,0,"江苏省",0,0,5,0,1,0,1,0,1
"1527",3,1,0,0,0,0,"江苏省",1,2,1,0,1,0,1,0,1
"1528",4,2,0,0,0,0,"江苏省",0,1,1,0,1,1,1,1,1
"1529",5,0,0,0,0,0,"江苏省",0,1,1,0,1,1,1,0,0
"1530",4,1,0,0,0,0,"江苏省",0,1,1,0,1,1,0,1,0
"1531",2,1,0,0,0,0,"江苏省",0,2,1,0,1,1,0,0,1
"1532",4,2,0,0,0,0,"江苏省",0,1,1,0,1,1,0,1,1
"1533",4,0,0,0,0,0,"江苏省",1,2,1,0,1,1,0,0,0
"1534",4,1,0,0,0,0,"江苏省",0,1,1,0,1,1,0,0,1
"1535",5,1,0,0,0,0,"江苏省",0,3,1,0,1,1,1,1,0
"1536",4,0,0,0,0,0,"江苏省",1,2,5,0,1,1,0,0,0
"1537",4,1,0,0,0,0,"江苏省",0,2,1,0,1,1,0,0,1
"1538",4,0,0,0,0,0,"江苏省",0,1,1,0,1,1,1,0,0
"1539",2,2,0,0,0,1,"江苏省",0,5,0,1,1,1,0,1,1
"1540",4,0,0,0,0,0,"江苏省",1,0,1,0,1,1,1,0,0
"1541",4,0,0,0,0,0,"江苏省",0,1,1,0,1,1,1,0,0
"1542",4,2,0,0,0,0,"江苏省",1,2,1,0,0,1,0,1,1
"1543",3,1,0,0.5,0,1,"江苏省",0,5,1,0,1,1,0,0,1
"1544",4,0,0,0,0,0,"江苏省",0,5,0,0,0,1,0,0,0
"1545",2,1,0,0,0,0,"江苏省",1,2,1,0,1,1,1,1,0
"1546",4,1,0,0,0,0,"江苏省",0,1,1,0,1,1,1,0,1
"1547",4,0,0,0,0,0,"江苏省",1,2,1,0,1,1,0,0,0
"1548",0,1,0,0,0,0,"江苏省",0,2,1,0,1,1,1,0,1
"1549",4,2,0,0,0,0,"江苏省",1,2,1,0,1,1,0,1,1
"1550",3,0,0,0,0,0,"江苏省",0,2,1,0,1,1,1,0,0
"1551",4,0,0,0,0,0,"江苏省",0,0,1,0,1,1,1,0,0
"1552",0,2,0,0,0,0,"江苏省",0,2,1,0,1,1,1,1,1
"1553",0,0,0,0,0,0,"江苏省",0,5,1,0,1,1,1,0,0
"1554",0,0,0,0,0,0,"江苏省",0,5,1,0,1,1,0,0,0
"1555",0,0,0,0.5,0,1,"江苏省",1,6,1,0,1,1,0,0,0
"1556",4,0,0,0,0,0,"江苏省",1,0,1,0,0,0,1,0,0
"1557",3,2,0,0.5,0,1,"江苏省",0,3,1,0,1,0,1,1,1
"1558",0,0,0,0,0,0,"江苏省",1,1,5,0,1,1,1,0,0
"1559",4,0,0,0,0,0,"江苏省",0,2,1,0,1,0,1,0,0
"1560",4,0,0,0,0,0,"江苏省",1,1,1,0,0,0,0,0,0
"1561",4,0,0,0,0,0,"江苏省",0,3,1,0,1,1,1,0,0
"1562",4,0,0,0,0,0,"江苏省",1,1,1,0,1,1,1,0,0
"1563",4,1,0,0,0,0,"江苏省",0,2,1,0,1,1,1,1,0
"1564",4,1,0,0,0,0,"江苏省",1,2,1,0,1,1,1,0,1
"1565",4,1,0,0,0,0,"江苏省",1,2,1,0,1,0,1,0,1
"1566",4,0,0,0,0,0,"江苏省",1,2,1,0,1,0,0,0,0
"1567",4,2,0,0,0,0,"江苏省",1,2,1,0,0,0,0,1,1
"1568",3,1,0,0.5,0,1,"江苏省",0,2,1,0,1,0,0,0,1
"1569",3,0,0,0,0,0,"江苏省",0,2,1,0,1,1,1,0,0
"1570",3,2,0,0,0,0,"江苏省",1,6,0,0,1,0,0,1,1
"1571",3,2,0,0,0,0,"江苏省",1,5,1,0,0,0,0,1,1
"1572",3,1,0,0,0,0,"江苏省",0,1,1,0,1,0,1,0,1
"1573",4,0,0,0,0,0,"江苏省",0,2,1,0,0,0,1,0,0
"1574",3,1,0,0,0,0,"江苏省",0,5,1,0,1,1,0,1,0
"1575",4,1,0,0,0,0,"江苏省",0,6,1,0,1,0,0,1,0
"1576",4,0,0,0,0,0,"江苏省",0,1,5,0,1,0,1,0,0
"1577",4,0,0,0,0,1,"江苏省",0,2,1,0,1,1,0,0,0
"1578",4,0,0,0,0,0,"江苏省",1,2,1,0,1,1,0,0,0
"1579",4,1,0,0,0,0,"江苏省",0,1,1,0,1,1,0,1,0
"1580",4,0,0,0,0,0,"江苏省",1,2,1,0,1,1,0,0,0
"1581",4,0,0,0,0,0,"江苏省",0,2,1,0,1,1,0,0,0
"1582",4,1,0,0,0,0,"江苏省",1,2,1,0,1,1,1,0,1
"1583",4,1,0,0,0,0,"江苏省",1,2,1,0,1,1,1,1,0
"1584",4,0,0,0,0,0,"江苏省",0,0,1,0,1,1,0,0,0
"1585",2,1,0,0,0,0,"江苏省",0,1,5,0,1,1,0,1,0
"1586",4,1,0,0,0,0,"江苏省",0,2,1,0,1,0,1,1,0
"1587",4,1,0,0,0,0,"江苏省",0,1,1,0,1,0,0,0,1
"1588",2,2,0,0,0,0,"江苏省",1,5,1,0,0,1,0,1,1
"1589",3,2,0,1,0,1,"江苏省",0,5,1,0,0,0,0,1,1
"1590",4,0,0,0,0,0,"江苏省",0,3,1,0,1,0,1,0,0
"1591",3,1,0,0,0,0,"江苏省",0,2,1,0,1,1,0,1,0
"1592",4,0,0,0,0,0,"江苏省",0,1,5,0,1,0,0,0,0
"1593",2,2,1,0.666666667,0.5,1,"浙江省",0,5,1,0,1,0,0,1,1
"1594",2,2,0,0,0,0,"浙江省",1,1,1,0,1,0,1,1,1
"1595",5,0,0,0,0,0,"浙江省",1,1,5,0,1,0,1,0,0
"1596",2,1,0,0.5,0,1,"浙江省",1,6,1,0,1,1,0,0,1
"1597",2,1,0,0,0,1,"浙江省",0,3,1,0,0,0,1,0,1
"1598",2,1,1,0.333333333,1,1,"浙江省",0,3,1,0,1,1,0,0,1
"1599",2,1,0,0.5,0,1,"浙江省",0,2,4,0,1,0,1,0,1
"1600",0,0,0,0,0,0,"浙江省",0,3,1,0,1,0,1,0,0
"1601",2,2,0,0,0,0,"浙江省",1,6,1,0,0,0,0,1,1
"1602",1,1,0,0.5,0,1,"浙江省",0,3,1,0,0,1,0,0,1
"1603",4,2,0,0,0,1,"浙江省",1,2,1,0,1,1,1,1,1
"1604",3,2,0,0.5,0,1,"浙江省",1,6,5,0,1,0,1,1,1
"1605",4,1,0,0,0,0,"浙江省",0,1,1,0,1,0,1,0,1
"1606",3,2,0,1,0,1,"浙江省",1,6,1,0,0,0,1,1,1
"1607",4,0,0,0,0,1,"浙江省",1,1,1,0,0,0,1,0,0
"1608",3,1,0,0,0,0,"浙江省",1,3,1,0,1,0,1,1,0
"1609",2,2,0,0.5,0,1,"浙江省",1,6,1,0,1,0,0,1,1
"1610",4,2,0,0,0,0,"浙江省",0,3,1,0,0,1,1,1,1
"1611",3,1,1,0.5,1,1,"浙江省",0,2,1,0,1,0,1,1,0
"1612",3,0,0,0,0,0,"浙江省",1,2,1,0,1,0,0,0,0
"1613",1,2,1,0.666666667,0.5,1,"浙江省",0,7,1,0,0,1,0,1,1
"1614",1,2,1,0.666666667,0.5,1,"浙江省",0,6,0,0,1,1,1,1,1
"1615",2,2,1,0.5,0.5,1,"浙江省",0,6,1,0,0,1,0,1,1
"1616",1,1,1,0.6,0.333333333,1,"浙江省",0,3,1,0,1,1,1,0,1
"1617",3,0,1,0.5,0.5,1,"浙江省",0,6,1,0,1,1,0,0,0
"1618",4,1,0,0,0,0,"浙江省",0,4,1,0,0,1,1,0,1
"1619",3,1,0,0,0,0,"浙江省",0,5,1,0,1,1,0,0,1
"1620",4,1,1,0.5,1,1,"浙江省",0,2,1,0,1,1,1,0,1
"1621",0,1,1,1,0.5,1,"浙江省",0,5,1,0,1,0,0,0,1
"1622",2,2,1,0.5,0.5,1,"浙江省",1,6,1,0,1,1,0,1,1
"1623",2,2,0,0,0,1,"浙江省",1,2,1,0,1,1,1,1,1
"1624",2,1,1,0.5,1,1,"浙江省",1,2,1,0,1,1,1,0,1
"1625",3,2,1,0.5,0.5,1,"浙江省",0,6,1,0,0,1,0,1,1
"1626",2,2,1,0.5,1,1,"浙江省",1,6,1,0,0,1,0,1,1
"1627",3,1,0,0.5,0,1,"浙江省",1,6,1,0,1,1,0,0,1
"1628",1,1,0,0.5,0,1,"浙江省",0,5,1,0,1,1,0,0,1
"1629",2,0,1,0.333333333,1,1,"浙江省",0,3,1,0,1,1,1,0,0
"1630",5,2,1,1,0.5,1,"浙江省",0,6,0,0,1,0,1,1,1
"1631",5,0,0,0.5,0,1,"浙江省",1,5,1,0,1,1,0,0,0
"1632",4,1,0,0,0,0,"浙江省",1,5,1,0,0,0,0,0,1
"1633",4,1,0,0,0,0,"浙江省",0,3,1,0,1,0,1,0,1
"1634",3,1,1,0.333333333,1,1,"浙江省",1,2,1,0,1,1,0,0,1
"1635",3,1,0,0,0,0,"浙江省",1,0,1,0,1,1,1,1,0
"1636",3,1,0,0.5,0,1,"浙江省",1,3,1,0,1,1,1,0,1
"1637",0,2,0,0.333333333,0,1,"浙江省",0,5,0,1,0,1,0,1,1
"1638",4,2,1,0.5,1,1,"浙江省",0,7,1,0,1,1,0,1,1
"1639",4,2,0,0,0,0,"浙江省",1,3,4,0,1,0,0,1,1
"1640",2,2,0,0,0,0,"浙江省",0,2,1,0,1,0,0,1,1
"1641",1,1,1,0.333333333,1,1,"浙江省",1,6,1,0,0,1,0,0,1
"1642",5,0,0,0,0,1,"浙江省",1,1,1,0,1,0,1,0,0
"1643",5,0,0,0,0,0,"浙江省",1,1,1,0,0,1,1,0,0
"1644",1,1,1,0.5,1,1,"浙江省",1,6,1,0,1,1,0,0,1
"1645",1,2,1,0.666666667,0.5,1,"浙江省",0,5,1,0,1,1,0,1,1
"1646",2,2,0,0.75,0,1,"浙江省",0,6,1,0,1,1,0,1,1
"1647",3,2,0,0,0,0,"浙江省",1,3,1,0,1,1,1,1,1
"1648",5,0,0,0,0,0,"浙江省",0,1,1,0,1,1,1,0,0
"1649",3,2,1,0.5,1,1,"浙江省",0,6,1,0,1,1,0,1,1
"1650",4,2,1,0.666666667,0.5,1,"浙江省",0,3,1,0,1,1,1,1,1
"1651",3,2,1,0.5,1,1,"浙江省",0,6,1,0,1,1,0,1,1
"1652",3,2,1,0.666666667,0.25,1,"浙江省",0,6,1,0,1,1,0,1,1
"1653",3,2,1,0.5,0.5,1,"浙江省",0,4,1,0,1,1,1,1,1
"1654",4,0,0,0,0,0,"浙江省",1,2,1,0,1,1,1,0,0
"1655",2,2,1,0.6,0.333333333,1,"浙江省",0,6,1,0,1,1,0,1,1
"1656",3,2,1,0.333333333,1,1,"浙江省",1,2,5,0,1,1,1,1,1
"1657",2,0,0,0,0,0,"浙江省",1,1,1,0,1,0,0,0,0
"1658",2,2,0,0.5,0,1,"浙江省",1,7,4,0,1,1,0,1,1
"1659",3,2,0,0.5,0,1,"浙江省",0,7,0,1,0,1,1,1,1
"1660",2,1,1,0.5,0.5,1,"浙江省",0,5,1,0,1,1,0,0,1
"1661",3,2,0,1,0,1,"浙江省",1,6,0,0,0,0,0,1,1
"1662",4,2,1,1,0.5,1,"浙江省",1,2,1,0,1,0,1,1,1
"1663",1,1,0,0.5,0,1,"浙江省",1,5,1,0,1,0,0,0,1
"1664",4,0,0,0,0,0,"浙江省",0,2,5,0,1,0,1,0,0
"1665",3,0,0,0,0,0,"浙江省",0,3,1,0,1,0,1,0,0
"1666",1,1,1,1,0.5,1,"浙江省",0,8,1,0,1,0,0,0,1
"1667",2,1,0,0,0,1,"浙江省",1,2,1,0,1,0,1,0,1
"1668",4,1,0,0,0,0,"浙江省",1,3,1,0,1,1,1,0,1
"1669",5,0,0,0,0,0,"浙江省",1,2,1,0,1,1,1,0,0
"1670",1,1,0,0.5,0,1,"浙江省",0,6,1,0,1,1,0,0,1
"1671",4,2,0,0,0,0,"浙江省",0,5,1,0,1,0,0,1,1
"1672",2,2,0,0,0,1,"浙江省",1,2,1,0,1,1,1,1,1
"1673",5,0,0,0,0,0,"浙江省",1,3,1,0,1,0,1,0,0
"1674",4,2,0,0,0,0,"浙江省",0,3,1,0,1,1,1,1,1
"1675",4,0,0,0,0,0,"浙江省",1,2,5,0,1,0,1,0,0
"1676",5,2,0,0,0,0,"浙江省",1,7,1,0,0,1,0,1,1
"1677",4,0,0,0,0,0,"浙江省",0,2,1,0,1,0,1,0,0
"1678",4,1,0,0,0,0,"浙江省",0,5,1,0,0,0,1,0,1
"1679",4,2,0,0.5,0,1,"浙江省",0,5,1,0,1,0,1,1,1
"1680",2,2,0,0,0,0,"浙江省",0,5,0,1,1,0,0,1,1
"1681",3,1,0,1,0,1,"浙江省",0,2,1,0,1,0,1,1,0
"1682",2,2,0,0,0,1,"浙江省",1,3,1,0,1,1,1,1,1
"1683",1,1,1,0.6,0.333333333,1,"浙江省",1,5,1,0,1,1,1,0,1
"1684",3,2,0,0.5,0,1,"浙江省",1,7,1,0,1,1,0,1,1
"1685",2,1,1,1,0.5,1,"浙江省",1,6,1,0,1,0,0,0,1
"1686",3,2,0,0.5,0,1,"浙江省",0,5,1,0,0,1,0,1,1
"1687",2,1,0,0,0,0,"浙江省",1,3,1,0,1,0,1,0,1
"1688",1,1,0,0.666666667,0,1,"浙江省",1,6,0,0,0,0,0,0,1
"1689",2,2,0,0,0,1,"浙江省",0,5,1,0,0,0,1,1,1
"1690",5,1,0,0,0,0,"浙江省",0,5,1,0,1,1,0,1,0
"1691",5,2,1,0.666666667,0.5,1,"浙江省",0,6,1,0,1,1,0,1,1
"1692",3,2,0,0.5,0,1,"浙江省",0,7,1,0,1,0,0,1,1
"1693",5,0,0,0,0,0,"浙江省",1,0,5,0,1,0,1,0,0
"1694",4,2,0,0,0,0,"浙江省",1,3,1,0,0,0,1,1,1
"1695",3,2,1,0.666666667,0.5,1,"浙江省",1,2,1,0,1,0,1,1,1
"1696",2,0,0,0,0,0,"浙江省",1,3,1,0,0,0,0,0,0
"1697",2,1,0,0,0,0,"浙江省",0,2,4,0,1,0,0,1,0
"1698",3,2,0,0,0,0,"浙江省",0,3,1,0,1,0,0,1,1
"1699",5,0,0,0,0,0,"浙江省",1,1,1,0,1,0,0,0,0
"1700",2,2,0,1,0,1,"浙江省",1,5,1,0,0,0,1,1,1
"1701",2,1,0,0,0,0,"浙江省",1,3,1,0,1,0,0,0,1
"1702",3,1,0,0,0,0,"浙江省",0,2,1,0,1,0,0,0,1
"1703",3,1,0,1,0,1,"浙江省",0,2,0,0,1,0,0,1,0
"1704",5,0,0,0,0,0,"浙江省",1,1,1,0,1,0,0,0,0
"1705",5,2,0,1,0,1,"浙江省",1,4,1,0,1,0,0,1,1
"1706",4,0,0,0,0,0,"浙江省",1,2,1,0,1,0,0,0,0
"1707",5,1,0,1,0,1,"浙江省",1,2,1,0,1,0,1,0,1
"1708",3,0,0,0,0,0,"浙江省",0,3,1,0,1,0,0,0,0
"1709",3,0,0,0.5,0,1,"浙江省",1,5,1,0,1,1,0,0,0
"1710",4,0,0,0,0,0,"浙江省",0,2,1,0,1,0,0,0,0
"1711",2,1,0,0.5,0,1,"浙江省",0,3,0,0,0,1,0,1,0
"1712",4,1,0,0,0,0,"浙江省",0,1,1,0,1,0,1,0,1
"1713",4,1,0,0,0,0,"浙江省",0,2,4,0,1,1,0,0,1
"1714",4,0,0,0.333333333,0,1,"浙江省",1,5,1,0,1,1,0,0,0
"1715",3,0,0,0,0,0,"浙江省",0,5,1,0,1,1,0,0,0
"1716",2,2,0,0,0,0,"浙江省",0,6,1,0,0,1,0,1,1
"1717",4,2,0,0,0,0,"浙江省",0,2,1,0,0,0,1,1,1
"1718",4,0,0,0,0,0,"浙江省",1,2,4,0,1,1,0,0,0
"1719",4,2,0,0,0,0,"浙江省",0,2,1,0,1,0,0,1,1
"1720",2,1,0,0,0,0,"浙江省",0,5,1,0,0,0,0,0,1
"1721",5,0,0,0,0,0,"浙江省",1,2,1,0,1,0,1,0,0
"1722",0,1,1,0.6,0.333333333,1,"浙江省",0,5,1,0,1,1,0,0,1
"1723",4,0,0,0,0,0,"浙江省",1,1,1,0,1,0,0,0,0
"1724",4,0,0,0.5,0,1,"浙江省",1,1,1,0,1,1,1,0,0
"1725",2,2,1,0.5,0.5,1,"浙江省",1,5,1,0,1,1,0,1,1
"1726",1,1,0,0,0,1,"浙江省",0,6,0,1,1,1,1,0,1
"1727",3,2,1,0.666666667,0.5,1,"浙江省",0,2,1,0,1,0,1,1,1
"1728",4,0,0,0,0,0,"浙江省",1,0,5,0,0,0,0,0,0
"1729",2,2,0,0.333333333,0,1,"浙江省",0,6,0,0,1,1,0,1,1
"1730",4,0,0,1,0,1,"浙江省",1,1,5,0,1,0,0,0,0
"1731",0,2,1,1,0.5,1,"浙江省",0,5,1,0,1,0,0,1,1
"1732",4,0,0,0,0,0,"浙江省",0,2,1,0,1,0,1,0,0
"1733",2,2,1,0.5,1,1,"浙江省",1,4,1,0,0,0,1,1,1
"1734",3,1,0,0.5,0,1,"浙江省",1,2,1,0,1,0,1,0,1
"1735",3,2,0,0.5,0,1,"浙江省",0,5,1,0,1,1,0,1,1
"1736",3,1,0,0,0,1,"浙江省",1,1,1,0,1,1,1,0,1
"1737",2,2,1,0.333333333,1,1,"浙江省",1,6,1,0,1,1,0,1,1
"1738",4,0,0,0,0,0,"浙江省",1,2,1,0,1,0,1,0,0
"1739",4,2,0,0,0,0,"浙江省",1,1,5,0,1,0,0,1,1
"1740",4,1,1,0.666666667,0.5,1,"浙江省",1,3,1,0,1,0,1,0,1
"1741",4,2,0,0.5,0,1,"浙江省",1,4,1,0,1,1,1,1,1
"1742",2,2,1,0.5,1,1,"浙江省",1,5,1,0,0,1,1,1,1
"1743",3,2,0,0.666666667,0,1,"浙江省",0,3,1,0,1,0,1,1,1
"1744",3,2,0,1,0,1,"浙江省",0,3,1,0,1,0,1,1,1
"1745",4,1,0,0,0,0,"浙江省",0,5,1,0,1,1,0,0,1
"1746",3,2,1,1,1,1,"浙江省",0,3,1,0,1,0,1,1,1
"1747",3,1,0,0,0,0,"浙江省",1,2,1,0,1,1,0,1,0
"1748",2,2,0,0.5,0,1,"浙江省",1,4,4,0,1,1,1,1,1
"1749",2,2,0,0,0,1,"浙江省",0,5,1,0,0,0,1,1,1
"1750",4,1,0,0,0,1,"浙江省",0,2,1,0,1,0,0,1,0
"1751",2,2,0,0.666666667,0,1,"浙江省",0,6,1,0,1,0,0,1,1
"1752",2,2,0,0,0,0,"浙江省",1,6,1,0,0,0,0,1,1
"1753",2,2,0,0.333333333,0,1,"浙江省",0,6,1,0,1,1,0,1,1
"1754",4,0,0,0.666666667,0,1,"浙江省",1,2,1,0,1,0,1,0,0
"1755",2,1,0,0,0,0,"浙江省",1,1,1,0,1,0,0,1,0
"1756",4,1,0,0,0,0,"浙江省",1,3,1,0,1,1,1,0,1
"1757",2,0,1,1,1,1,"浙江省",1,2,5,0,1,0,1,0,0
"1758",1,2,1,0.5,1,1,"浙江省",1,6,1,0,0,1,0,1,1
"1759",3,2,1,0.333333333,1,1,"浙江省",1,6,1,0,0,1,0,1,1
"1760",4,1,0,0,0,1,"浙江省",1,5,1,0,1,1,0,0,1
"1761",4,1,0,1,0,1,"浙江省",0,3,1,0,1,0,1,0,1
"1762",3,1,0,0,0,0,"浙江省",1,5,1,0,1,0,0,0,1
"1763",3,2,1,0.8,0.25,1,"浙江省",1,2,1,0,1,0,1,1,1
"1764",2,2,0,0.5,0,1,"浙江省",0,6,1,0,0,1,0,1,1
"1765",2,1,0,1,0,1,"浙江省",1,2,1,0,1,0,1,1,0
"1766",4,0,0,0,0,0,"浙江省",1,0,5,0,1,0,1,0,0
"1767",4,0,0,0,0,0,"浙江省",0,2,1,0,1,0,1,0,0
"1768",4,1,0,0,0,0,"浙江省",0,5,1,0,1,0,0,0,1
"1769",5,0,0,0,0,0,"浙江省",1,1,1,0,1,0,1,0,0
"1770",3,0,0,0,0,0,"浙江省",0,3,1,0,1,0,1,0,0
"1771",5,0,0,0,0,0,"浙江省",0,0,5,0,1,0,1,0,0
"1772",4,1,0,0,0,0,"浙江省",0,1,1,0,1,0,0,0,1
"1773",4,1,0,0.333333333,0,1,"浙江省",1,1,1,0,1,1,0,0,1
"1774",4,0,0,0,0,0,"浙江省",0,2,1,0,1,1,1,0,0
"1775",3,2,0,0,0,0,"浙江省",0,2,1,0,1,1,0,1,1
"1776",4,0,0,0,0,0,"浙江省",1,3,4,0,0,0,1,0,0
"1777",2,2,0,1,0,1,"浙江省",0,6,1,0,0,0,0,1,1
"1778",1,2,0,0,0,0,"浙江省",1,3,4,0,0,0,1,1,1
"1779",3,2,1,0.5,1,1,"浙江省",1,5,1,0,0,1,0,1,1
"1780",1,2,1,0.666666667,0.5,1,"浙江省",1,6,1,0,0,0,0,1,1
"1781",3,0,0,0.5,0,1,"浙江省",0,2,1,0,1,1,0,0,0
"1782",5,0,0,0,0,0,"浙江省",0,4,1,0,1,0,1,0,0
"1783",2,1,0,0.666666667,0,1,"浙江省",1,6,1,0,1,0,1,1,0
"1784",4,0,1,1,1,1,"浙江省",1,1,1,0,1,0,1,0,0
"1785",4,0,0,0.5,0,1,"浙江省",1,2,1,0,1,1,0,0,0
"1786",5,2,0,0,0,0,"浙江省",0,1,1,0,1,0,1,1,1
"1787",4,2,0,1,0,1,"浙江省",0,1,1,0,1,0,0,1,1
"1788",2,0,0,1,0,1,"浙江省",0,5,0,0,1,0,0,0,0
"1789",3,0,0,0,0,0,"浙江省",1,2,1,0,1,0,0,0,0
"1790",5,0,0,0,0,0,"浙江省",1,1,1,0,1,0,0,0,0
"1791",4,1,0,0,0,0,"浙江省",0,3,1,0,1,0,0,0,1
"1792",4,1,0,0,0,0,"浙江省",0,3,1,0,1,0,1,1,0
"1793",2,2,0,1,0,1,"浙江省",1,6,1,0,1,0,0,1,1
"1794",5,1,0,0,0,0,"浙江省",0,1,1,0,1,0,1,0,1
"1795",5,0,0,0,0,0,"浙江省",0,2,1,0,1,0,0,0,0
"1796",2,1,0,0,0,1,"浙江省",0,5,1,0,1,0,0,0,1
"1797",3,0,0,0,0,0,"浙江省",0,1,1,0,1,1,0,0,0
"1798",0,0,0,0,0,0,"浙江省",0,2,1,0,1,0,0,0,0
"1799",4,2,0,1,0,1,"浙江省",0,2,1,0,1,0,0,1,1
"1800",3,1,0,0.5,0,1,"浙江省",0,6,0,0,1,1,0,0,1
"1801",2,1,0,0,0,0,"浙江省",1,5,1,0,1,0,0,0,1
"1802",5,0,0,0,0,0,"浙江省",0,1,1,0,1,0,1,0,0
"1803",5,0,0,1,0,1,"浙江省",0,0,1,0,1,0,0,0,0
"1804",4,0,0,0,0,0,"浙江省",0,2,1,0,1,0,1,0,0
"1805",5,0,0,1,0,1,"浙江省",1,2,1,0,1,0,0,0,0
"1806",4,0,0,0,0,0,"浙江省",0,2,1,0,1,0,0,0,0
"1807",4,1,0,0,0,0,"浙江省",1,2,1,0,1,0,1,0,1
"1808",5,0,0,0,0,0,"浙江省",0,1,1,0,0,0,0,0,0
"1809",2,0,0,0,0,0,"浙江省",0,1,5,0,1,0,0,0,0
"1810",4,0,0,1,0,1,"浙江省",0,5,1,0,1,0,0,0,0
"1811",4,1,0,0,0,0,"浙江省",0,2,1,0,1,1,0,1,0
"1812",5,0,0,0,0,0,"浙江省",1,2,1,0,1,0,0,0,0
"1813",3,1,0,0,0,0,"浙江省",1,6,1,0,1,0,0,0,1
"1814",3,1,0,0.5,0,1,"浙江省",0,3,1,0,1,1,0,0,1
"1815",5,0,0,0,0,0,"浙江省",0,0,1,0,1,0,0,0,0
"1816",2,0,1,0.333333333,1,1,"浙江省",1,6,1,0,1,1,0,0,0
"1817",3,0,0,1,0,1,"浙江省",0,4,1,0,1,0,1,0,0
"1818",5,0,0,0,0,0,"浙江省",1,2,1,0,0,0,1,0,0
"1819",3,0,0,0,0,0,"浙江省",0,5,1,0,1,1,0,0,0
"1820",3,2,0,1,0,1,"浙江省",0,3,1,0,1,0,0,1,1
"1821",4,0,0,0,0,0,"浙江省",0,1,1,0,1,0,1,0,0
"1822",5,1,0,0,0,0,"浙江省",1,2,1,0,1,0,1,1,0
"1823",3,1,0,0,0,0,"浙江省",1,3,1,0,1,0,1,0,1
"1824",4,0,0,0,0,0,"浙江省",0,3,1,0,1,0,0,0,0
"1825",3,0,0,0,0,0,"浙江省",1,5,1,0,1,0,0,0,0
"1826",3,1,0,0,0,1,"浙江省",1,2,1,0,1,0,1,1,0
"1827",5,1,0,0,0,0,"浙江省",0,2,1,0,1,0,0,0,1
"1828",5,0,0,0,0,0,"浙江省",1,3,1,0,0,0,1,0,0
"1829",3,0,0,0,0,0,"浙江省",1,1,1,0,1,0,0,0,0
"1830",2,1,0,0.5,0,1,"浙江省",1,1,4,0,1,1,1,1,0
"1831",2,1,0,0,0,0,"浙江省",1,1,1,0,1,1,0,1,0
"1832",2,1,0,0,0,1,"浙江省",0,6,1,0,1,1,0,1,0
"1833",4,0,0,0,0,0,"浙江省",0,2,1,0,1,1,0,0,0
"1834",4,1,0,0,0,0,"浙江省",0,3,1,0,1,1,1,1,0
"1835",3,2,0,0,0,0,"浙江省",1,3,4,0,0,1,1,1,1
"1836",4,0,0,1,0,1,"浙江省",1,2,0,0,1,0,0,0,0
"1837",3,0,0,0,0,0,"浙江省",1,2,1,0,1,0,1,0,0
"1838",3,1,0,0,0,0,"浙江省",0,2,1,0,1,0,0,0,1
"1839",3,0,0,0.5,0,1,"浙江省",1,2,1,0,1,1,1,0,0
"1840",2,2,0,0,0,1,"浙江省",0,3,1,0,1,1,0,1,1
"1841",3,1,0,0,0,0,"浙江省",1,3,1,0,1,1,0,0,1
"1842",4,1,0,1,0,1,"浙江省",0,2,1,0,1,0,0,0,1
"1843",4,0,0,0,0,0,"浙江省",0,2,1,0,0,1,1,0,0
"1844",2,2,0,0.5,0,1,"浙江省",0,2,1,0,1,0,1,1,1
"1845",4,0,0,0,0,1,"浙江省",1,1,1,0,1,0,0,0,0
"1846",3,1,0,1,0,1,"浙江省",0,3,1,0,1,0,0,0,1
"1847",5,0,0,0,0,0,"浙江省",0,2,1,0,0,0,1,0,0
"1848",3,1,0,0,0,0,"浙江省",0,3,1,0,1,0,1,0,1
"1849",5,0,0,0,0,0,"浙江省",0,1,1,0,1,0,1,0,0
"1850",5,0,0,0,0,0,"浙江省",0,1,1,0,1,0,1,0,0
"1851",4,0,0,0,0,0,"浙江省",0,2,1,0,1,0,1,0,0
"1852",4,0,0,0,0,0,"浙江省",0,1,1,0,1,0,1,0,0
"1853",5,1,0,0,0,0,"浙江省",1,2,1,0,1,0,0,1,0
"1854",4,0,0,0,0,0,"浙江省",1,2,1,0,1,0,1,0,0
"1855",3,0,0,0,0,0,"浙江省",0,2,1,0,1,1,1,0,0
"1856",2,2,0,0,0,0,"浙江省",0,1,1,0,1,1,1,1,1
"1857",4,2,0,0,0,0,"浙江省",1,2,1,0,1,1,0,1,1
"1858",4,1,0,1,0,1,"浙江省",0,4,0,0,1,0,0,0,1
"1859",4,0,0,0.5,0,1,"浙江省",1,3,1,0,1,1,0,0,0
"1860",4,0,0,0,0,0,"浙江省",1,1,1,0,1,1,0,0,0
"1861",2,0,0,0,0,0,"浙江省",1,2,1,0,1,0,0,0,0
"1862",4,0,0,0,0,0,"浙江省",0,1,1,0,1,1,0,0,0
"1863",5,2,0,0,0,0,"浙江省",0,1,1,0,1,1,0,1,1
"1864",3,0,0,0,0,0,"浙江省",1,0,5,0,1,1,0,0,0
"1865",4,1,0,0,0,0,"浙江省",0,1,1,0,1,1,0,0,1
"1866",4,0,0,0,0,0,"浙江省",0,2,1,0,1,0,1,0,0
"1867",5,0,0,1,0,1,"浙江省",1,1,1,0,1,0,0,0,0
"1868",4,0,0,0,0,0,"浙江省",1,2,1,0,1,0,1,0,0
"1869",2,2,0,0,0,0,"浙江省",1,2,1,0,1,1,0,1,1
"1870",3,1,0,0,0,1,"浙江省",1,5,4,0,0,1,0,0,1
"1871",4,0,0,0,0,0,"浙江省",1,2,1,0,1,1,1,0,0
"1872",4,0,0,0.333333333,0,1,"浙江省",1,3,1,0,1,1,1,0,0
"1873",2,0,0,0,0,0,"浙江省",1,5,1,0,0,1,0,0,0
"1874",4,1,0,0,0,0,"浙江省",1,1,5,0,1,1,1,0,1
"1875",3,0,0,0.333333333,0,1,"浙江省",1,3,1,0,1,1,0,0,0
"1876",3,0,0,0,0,0,"浙江省",0,1,1,0,1,1,1,0,0
"1877",4,0,0,0,0,0,"浙江省",0,1,1,0,1,0,1,0,0
"1878",4,0,0,0,0,1,"浙江省",1,2,1,0,1,1,1,0,0
"1879",3,2,0,0,0,0,"浙江省",1,2,1,0,1,1,1,1,1
"1880",2,0,0,0,0,0,"浙江省",1,3,1,0,1,1,0,0,0
"1881",4,0,0,0.5,0,1,"浙江省",0,2,1,0,1,1,0,0,0
"1882",4,0,0,0,0,0,"浙江省",1,2,1,0,1,1,1,0,0
"1883",3,0,0,0,0,0,"浙江省",1,0,1,0,1,1,0,0,0
"1884",4,0,0,0,0,0,"浙江省",0,2,1,0,1,1,0,0,0
"1885",4,0,0,0,0,0,"浙江省",1,1,1,0,1,1,1,0,0
"1886",4,0,0,0,0,0,"浙江省",1,2,1,0,1,1,1,0,0
"1887",4,1,0,0,0,0,"浙江省",0,2,1,0,1,0,0,0,1
"1888",5,1,0,0,0,0,"浙江省",0,3,1,0,1,1,0,0,1
"1889",4,0,0,0.5,0,1,"浙江省",1,1,1,0,1,1,0,0,0
"1890",4,1,0,0,0,0,"浙江省",0,1,5,0,1,1,1,1,0
"1891",4,0,0,0.5,0,1,"浙江省",1,3,1,0,1,1,0,0,0
"1892",4,0,0,0,0,0,"浙江省",1,1,1,0,1,1,1,0,0
"1893",4,0,0,0.5,0,1,"浙江省",1,1,1,0,1,1,1,0,0
"1894",4,0,0,0,0,0,"浙江省",1,1,5,0,1,1,1,0,0
"1895",3,0,0,0,0,0,"浙江省",0,3,1,0,1,1,0,0,0
"1896",3,0,0,0,0,0,"浙江省",0,2,1,0,1,1,0,0,0
"1897",4,0,0,0,0,0,"浙江省",1,1,1,0,1,1,0,0,0
"1898",5,0,0,0,0,0,"浙江省",0,1,1,0,1,1,0,0,0
"1899",4,0,0,0,0,0,"浙江省",0,3,1,0,1,1,1,0,0
"1900",4,0,0,0,0,0,"浙江省",1,3,5,0,1,1,1,0,0
"1901",4,0,0,0,0,0,"浙江省",0,1,1,0,1,1,1,0,0
"1902",4,0,0,0,0,0,"浙江省",1,1,1,0,1,1,0,0,0
"1903",5,0,0,0,0,0,"浙江省",0,1,5,0,1,0,0,0,0
"1904",3,1,1,1,0.5,1,"浙江省",0,5,1,0,0,0,0,0,1
"1905",2,2,0,0,0,1,"浙江省",1,7,1,0,1,0,0,1,1
"1906",4,0,0,0,0,0,"浙江省",0,1,1,0,1,0,1,0,0
"1907",4,1,0,1,0,1,"浙江省",1,3,1,0,1,0,0,0,1
"1908",5,0,0,0,0,0,"浙江省",1,1,5,0,1,0,1,0,0
"1909",3,2,0,0,0,1,"浙江省",1,5,1,0,1,1,0,1,1
"1910",3,2,0,0,0,1,"浙江省",1,5,1,0,1,0,0,1,1
"1911",4,1,0,0,0,0,"浙江省",0,2,1,0,1,0,1,0,1
"1912",4,1,0,0,0,0,"浙江省",0,3,1,0,1,1,0,0,1
"1913",3,0,0,0,0,0,"浙江省",0,5,0,0,0,0,0,0,0
"1914",4,0,0,0,0,0,"浙江省",1,4,5,0,1,0,1,0,0
"1915",4,0,0,0,0,1,"浙江省",0,2,1,0,1,1,1,0,0
"1916",0,1,0,1,0,1,"浙江省",0,6,1,0,1,0,0,0,1
"1917",3,1,0,1,0,1,"浙江省",0,1,1,0,1,0,0,0,1
"1918",3,1,0,0,0,0,"浙江省",0,5,1,0,1,0,0,1,0
"1919",5,0,0,0.666666667,0,1,"浙江省",0,5,0,0,1,0,0,0,0
"1920",4,0,0,0,0,0,"浙江省",0,1,1,0,1,0,0,0,0
"1921",3,1,0,0,0,0,"浙江省",1,5,1,0,1,0,1,1,0
"1922",2,2,0,1,0,1,"浙江省",0,3,1,0,1,0,0,1,1
"1923",3,1,0,1,0,1,"浙江省",0,5,0,0,1,0,0,1,0
"1924",3,0,0,0,0,0,"浙江省",1,1,1,0,1,0,0,0,0
"1925",4,0,0,0,0,0,"浙江省",1,2,1,0,0,0,1,0,0
"1926",4,0,0,0,0,0,"浙江省",0,2,1,0,1,1,1,0,0
"1927",4,0,0,0,0,0,"浙江省",1,1,1,0,1,0,1,0,0
"1928",1,1,0,0,0,0,"浙江省",1,2,1,0,1,0,0,0,1
"1929",5,0,0,0,0,0,"浙江省",0,2,1,0,0,0,1,0,0
"1930",5,0,0,0,0,0,"浙江省",1,1,1,0,1,0,0,0,0
"1931",5,2,0,0,0,0,"浙江省",0,2,1,0,1,0,0,1,1
"1932",3,1,0,0,0,0,"浙江省",0,2,1,0,1,0,0,1,0
"1933",3,0,0,0,0,0,"浙江省",1,1,1,0,1,0,0,0,0
"1934",5,0,0,0,0,0,"浙江省",1,1,5,0,1,1,0,0,0
"1935",3,0,1,1,1,1,"浙江省",1,1,1,0,1,0,1,0,0
"1936",4,1,0,0,0,0,"浙江省",0,1,1,0,1,0,1,1,0
"1937",4,0,0,0,0,0,"浙江省",1,1,1,0,1,0,1,0,0
"1938",4,1,0,0,0,0,"浙江省",1,2,1,0,1,0,1,0,1
"1939",4,0,0,0,0,0,"浙江省",1,2,1,0,1,0,0,0,0
"1940",4,1,0,0,0,0,"浙江省",1,1,1,0,1,0,1,0,1
"1941",5,0,0,0,0,0,"浙江省",0,1,1,0,1,1,1,0,0
"1942",5,0,0,0,0,0,"浙江省",1,1,1,0,1,0,1,0,0
"1943",2,0,0,0,0,0,"浙江省",1,3,1,0,1,0,0,0,0
"1944",3,1,1,0.5,1,1,"浙江省",0,3,1,0,1,0,0,0,1
"1945",4,0,0,0,0,0,"浙江省",0,1,1,0,1,0,1,0,0
"1946",5,0,0,0,0,0,"浙江省",0,1,1,0,1,0,0,0,0
"1947",4,1,0,0,0,0,"浙江省",0,2,1,0,1,0,1,0,1
"1948",5,0,0,0,0,0,"浙江省",0,1,5,0,1,0,1,0,0
"1949",4,1,0,0,0,0,"浙江省",0,1,1,0,1,0,1,0,1
"1950",4,0,0,0,0,0,"浙江省",0,5,1,0,1,0,1,0,0
"1951",5,1,0,0,0,0,"浙江省",0,3,1,0,1,0,0,0,1
"1952",4,0,0,0,0,0,"浙江省",1,1,1,0,1,0,1,0,0
"1953",4,2,0,0,0,0,"浙江省",0,2,1,0,1,0,0,1,1
"1954",5,0,0,0,0,0,"浙江省",0,1,1,0,1,0,0,0,0
"1955",4,0,0,0,0,0,"浙江省",0,2,1,0,1,1,0,0,0
"1956",5,0,0,0,0,0,"浙江省",1,1,1,0,0,1,1,0,0
"1957",4,0,0,0,0,0,"浙江省",1,2,1,0,1,1,1,0,0
"1958",5,0,0,0,0,0,"浙江省",0,1,1,0,1,1,0,0,0
"1959",4,0,0,0,0,0,"浙江省",1,1,1,0,1,0,1,0,0
"1960",2,1,1,0.666666667,0.5,1,"浙江省",0,3,0,0,0,1,0,0,1
"1961",5,1,0,0,0,0,"浙江省",0,3,1,0,1,1,1,0,1
"1962",2,0,0,0,0,0,"浙江省",1,6,0,1,1,0,0,0,0
"1963",3,0,0,0,0,0,"浙江省",0,6,1,0,1,1,1,0,0
"1964",4,0,0,0,0,0,"浙江省",1,1,1,0,1,1,1,0,0
"1965",4,0,0,0,0,0,"浙江省",1,2,1,0,1,1,1,0,0
"1966",4,0,0,0,0,0,"浙江省",1,5,1,0,0,1,0,0,0
"1967",2,1,0,0,0,1,"浙江省",0,1,5,0,1,0,0,0,1
"1968",5,0,0,0,0,0,"浙江省",1,3,1,0,1,0,1,0,0
"1969",5,0,0,0,0,0,"浙江省",1,1,1,0,1,0,1,0,0
"1970",4,0,0,1,0,1,"浙江省",1,6,0,0,1,0,0,0,0
"1971",5,0,0,0,0,0,"浙江省",0,2,1,0,1,0,1,0,0
"1972",4,0,0,0,0,0,"浙江省",1,1,1,0,1,1,0,0,0
"1973",4,0,0,0,0,0,"浙江省",0,1,1,0,1,0,1,0,0
"1974",4,1,0,0,0,1,"浙江省",1,2,1,0,0,0,1,0,1
"1975",4,0,0,0,0,0,"浙江省",0,2,1,0,1,1,0,0,0
"1976",4,0,0,0,0,0,"浙江省",1,1,1,0,1,0,1,0,0
"1977",4,0,0,0,0,0,"浙江省",1,0,5,0,1,0,1,0,0
"1978",4,2,0,0,0,0,"浙江省",1,2,1,0,1,0,0,1,1
"1979",5,0,0,0,0,0,"浙江省",0,2,1,0,1,0,1,0,0
"1980",3,0,0,0,0,0,"浙江省",0,2,1,0,1,0,1,0,0
"1981",4,0,0,0.666666667,0,1,"浙江省",0,2,1,0,1,1,1,0,0
"1982",5,0,0,0,0,0,"浙江省",0,2,1,0,1,0,1,0,0
"1983",3,0,0,0,0,0,"浙江省",0,2,1,0,1,1,0,0,0
"1984",3,1,0,0,0,0,"浙江省",0,2,1,0,1,1,0,1,0
"1985",4,0,0,0,0,0,"浙江省",0,1,5,0,1,1,1,0,0
"1986",4,0,0,0,0,0,"浙江省",0,2,1,0,1,0,1,0,0
"1987",3,1,0,0,0,0,"浙江省",1,3,1,0,1,0,1,1,0
"1988",2,2,0,0,0,0,"浙江省",1,6,1,0,0,0,1,1,1
"1989",4,0,0,0,0,0,"浙江省",0,0,1,0,1,0,1,0,0
"1990",4,0,0,0,0,0,"浙江省",0,2,1,0,1,0,0,0,0
"1991",4,0,0,0,0,0,"浙江省",0,2,1,0,1,0,0,0,0
"1992",3,1,0,0,0,0,"浙江省",0,5,1,0,1,0,0,1,0
"1993",4,0,0,1,0,1,"浙江省",0,1,1,0,1,0,1,0,0
"1994",5,0,0,0,0,0,"浙江省",0,2,1,0,0,0,0,0,0
"1995",3,1,0,1,0,1,"浙江省",1,4,1,0,1,0,0,0,1
"1996",4,1,0,0,0,0,"浙江省",0,2,1,0,1,0,0,0,1
"1997",4,0,0,0,0,0,"浙江省",1,0,1,0,0,0,0,0,0
"1998",4,0,0,0,0,0,"浙江省",0,2,4,0,1,1,0,0,0
"1999",3,0,0,0,0,0,"浙江省",0,3,1,0,1,0,0,0,0
"2000",5,1,0,0,0,0,"浙江省",1,2,1,0,1,0,0,1,0
"2001",4,1,0,0,0,1,"浙江省",0,2,1,0,1,0,1,0,1
"2002",5,0,0,0.5,0,1,"浙江省",1,3,4,0,1,1,0,0,0
"2003",5,0,0,1,0,1,"浙江省",1,3,1,0,1,0,0,0,0
"2004",2,2,0,1,0,1,"浙江省",0,6,0,0,1,0,0,1,1
"2005",4,0,0,1,0,1,"浙江省",1,6,1,0,1,0,0,0,0
"2006",5,1,0,0,0,0,"浙江省",1,3,1,0,1,0,0,0,1
"2007",3,0,0,0,0,0,"浙江省",0,1,1,0,1,0,1,0,0
"2008",4,0,0,0,0,0,"浙江省",0,2,1,0,1,0,1,0,0
"2009",5,0,0,0,0,0,"浙江省",1,1,1,0,1,0,1,0,0
"2010",4,0,0,0,0,0,"浙江省",1,1,1,0,1,0,0,0,0
"2011",3,1,0,0,0,0,"浙江省",1,1,1,0,1,1,1,1,0
"2012",5,0,0,0,0,0,"浙江省",1,1,1,0,1,0,0,0,0
"2013",4,0,0,0,0,0,"浙江省",0,2,1,0,1,1,0,0,0
"2014",4,0,0,0,0,0,"浙江省",0,0,1,0,1,0,1,0,0
"2015",4,0,0,0,0,0,"浙江省",1,1,1,0,1,1,1,0,0
"2016",4,0,0,0,0,0,"浙江省",1,0,1,0,1,1,1,0,0
"2017",2,1,0,0,0,0,"浙江省",0,2,1,0,1,0,0,0,1
"2018",4,0,0,0,0,0,"浙江省",0,1,1,0,1,0,0,0,0
"2019",4,1,0,1,0,1,"浙江省",0,2,1,0,1,0,0,0,1
"2020",5,0,0,0,0,0,"浙江省",0,3,1,0,1,0,1,0,0
"2021",5,0,0,1,0,1,"浙江省",0,2,1,0,1,0,0,0,0
"2022",4,0,0,0,0,0,"浙江省",0,2,1,0,1,0,1,0,0
"2023",0,0,0,0,0,0,"浙江省",0,0,1,0,1,0,0,0,0
"2024",4,0,0,0,0,0,"浙江省",0,2,1,0,0,0,1,0,0
"2025",5,0,0,0,0,0,"浙江省",1,0,1,0,1,1,1,0,0
"2026",4,0,0,0,0,0,"浙江省",1,2,1,0,1,0,1,0,0
"2027",4,1,0,0,0,0,"浙江省",1,2,1,0,1,0,0,1,0
"2028",4,1,0,0,0,0,"浙江省",0,1,1,0,1,1,0,1,0
"2029",4,0,0,0,0,0,"浙江省",0,0,1,0,1,0,1,0,0
"2030",2,1,0,0,0,1,"浙江省",0,1,1,0,1,0,1,1,0
"2031",4,0,0,0,0,0,"浙江省",0,1,5,0,1,1,1,0,0
"2032",4,0,0,0,0,0,"浙江省",1,1,1,0,1,0,0,0,0
"2033",2,2,0,0,0,0,"浙江省",1,2,1,0,1,0,0,1,1
"2034",5,0,0,0,0,0,"浙江省",1,1,1,0,1,1,1,0,0
"2035",5,0,0,0,0,0,"浙江省",1,0,1,0,1,0,1,0,0
"2036",4,0,0,0,0,0,"浙江省",0,3,1,0,1,1,0,0,0
"2037",0,1,0,0,0,0,"浙江省",1,1,1,0,1,0,1,1,0
"2038",4,0,0,0.5,0,1,"浙江省",0,3,1,0,1,1,0,0,0
"2039",5,0,0,0,0,0,"浙江省",0,1,1,0,1,1,0,0,0
"2040",5,0,0,0,0,0,"浙江省",0,1,1,0,1,1,1,0,0
"2041",3,1,0,0,0,0,"浙江省",0,1,1,0,1,1,1,0,1
"2042",3,0,0,0,0,0,"浙江省",0,1,5,0,1,1,1,0,0
"2043",1,1,0,0,0,1,"浙江省",1,6,0,1,0,0,1,0,1
"2044",4,0,0,0,0,0,"浙江省",1,0,5,0,1,1,1,0,0
"2045",5,0,0,0,0,0,"浙江省",1,1,1,0,1,0,1,0,0
"2046",5,0,0,0,0,0,"浙江省",1,1,1,0,1,1,1,0,0
"2047",4,0,0,0,0,0,"浙江省",1,0,1,0,1,1,1,0,0
"2048",2,1,0,0.333333333,0,1,"浙江省",0,2,1,0,1,1,0,0,1
"2049",3,0,0,0,0,0,"浙江省",0,2,1,0,1,0,0,0,0
"2050",4,0,0,0,0,0,"浙江省",0,1,1,0,1,1,1,0,0
"2051",2,2,0,0.5,0,1,"浙江省",0,5,0,0,1,1,0,1,1
"2052",3,1,0,0,0,0,"浙江省",1,1,1,0,1,1,1,1,0
"2053",4,0,0,0,0,0,"浙江省",1,3,1,0,1,0,0,0,0
"2054",5,0,0,0,0,0,"浙江省",1,1,5,0,1,1,1,0,0
"2055",4,0,0,0,0,0,"浙江省",1,1,1,0,1,1,1,0,0
"2056",4,0,0,0,0,0,"浙江省",1,0,1,0,1,0,1,0,0
"2057",2,2,1,0.666666667,0.5,1,"浙江省",1,6,1,0,1,0,0,1,1
"2058",5,1,0,0,0,0,"浙江省",1,2,1,0,1,1,1,0,1
"2059",2,1,0,0,0,1,"浙江省",1,6,1,0,0,1,0,0,1
"2060",5,1,0,0,0,0,"浙江省",1,1,1,0,1,0,1,0,1
"2061",4,0,0,0,0,0,"浙江省",0,2,1,0,1,0,0,0,0
"2062",4,0,0,0,0,0,"浙江省",1,2,1,0,1,1,0,0,0
"2063",2,1,0,0.5,0,1,"浙江省",0,2,1,0,1,0,0,0,1
"2064",4,0,0,0,0,0,"浙江省",0,1,4,0,1,0,0,0,0
"2065",4,1,0,0,0,0,"浙江省",0,1,1,0,1,1,1,0,1
"2066",3,1,0,0,0,1,"浙江省",0,2,1,0,1,0,0,0,1
"2067",3,1,0,0,0,1,"浙江省",0,5,1,0,1,1,1,0,1
"2068",4,0,0,0.5,0,1,"浙江省",1,2,1,0,1,1,1,0,0
"2069",4,0,0,0,0,0,"浙江省",1,0,1,0,1,0,0,0,0
"2070",5,0,0,0,0,0,"浙江省",1,1,1,0,1,0,1,0,0
"2071",0,0,0,0,0,0,"浙江省",1,1,1,0,1,1,0,0,0
"2072",3,0,0,0,0,0,"浙江省",0,2,1,0,1,0,0,0,0
"2073",4,0,0,0,0,0,"浙江省",0,2,1,0,1,0,0,0,0
"2074",3,1,0,0,0,0,"浙江省",0,2,1,0,1,0,0,1,0
"2075",5,0,0,0,0,0,"浙江省",0,4,0,0,1,0,0,0,0
"2076",5,1,0,0,0,0,"浙江省",0,2,1,0,1,0,0,0,1
"2077",5,0,0,0,0,0,"浙江省",0,2,1,0,1,0,0,0,0
"2078",4,0,0,0,0,0,"浙江省",0,2,1,0,1,0,0,0,0
"2079",5,1,0,0,0,0,"浙江省",0,2,1,0,1,0,1,0,1
"2080",4,0,0,0,0,0,"浙江省",1,2,1,0,1,0,1,0,0
"2081",4,1,0,0,0,0,"浙江省",0,5,1,0,1,0,0,0,1
"2082",4,0,0,0,0,0,"浙江省",0,1,1,0,1,0,0,0,0
"2083",3,2,0,0,0,0,"浙江省",1,3,1,0,1,0,0,1,1
"2084",1,1,1,1,1,1,"浙江省",0,2,1,0,0,0,0,0,1
"2085",4,0,0,0,0,0,"浙江省",0,1,1,0,1,1,1,0,0
"2086",4,0,0,0,0,0,"浙江省",0,1,1,0,1,1,0,0,0
"2087",5,0,0,0,0,0,"浙江省",1,1,5,0,1,0,0,0,0
"2088",5,0,0,0,0,0,"浙江省",0,2,5,0,1,1,0,0,0
"2089",5,0,0,0,0,0,"浙江省",1,1,1,0,1,0,1,0,0
"2090",5,0,0,0,0,0,"浙江省",1,0,5,0,1,0,0,0,0
"2091",4,0,0,0,0,0,"浙江省",1,0,5,0,1,0,1,0,0
"2092",5,0,0,0,0,0,"浙江省",0,0,5,0,0,1,1,0,0
"2093",5,0,0,0,0,0,"浙江省",0,1,1,0,1,0,0,0,0
"2094",4,0,0,0,0,0,"浙江省",0,1,1,0,1,1,1,0,0
"2095",4,0,0,0,0,0,"浙江省",1,0,1,0,1,0,1,0,0
"2096",4,0,0,0,0,0,"浙江省",0,1,1,0,1,0,0,0,0
"2097",4,0,0,0,0,0,"浙江省",1,2,4,0,0,1,1,0,0
